rank,id,name,class,model_score_100,capital_band,channels,caveat
1,q4_gift_finder,AI niche gift-finder sites by recipient + affiliate/POD fulfillment,affiliate_specialist_site,94.6,$0-10,SEO; Pinterest organic; YouTube Shorts; affiliate,Generic gift-guide SEO is saturated; the moat is narrow vertical expertise + live data + tools.
2,q4_custom_card_game,Custom family / couple card game generated from memories,personalized_pod,91.9,$0-10,Etsy; Pinterest organic; gift SEO; creator seeding,Avoid copyrighted franchises and unsafe/private content handling.
3,q4_heirloom_cookbook,AI-assisted family recipe heirloom cookbook,personalized_pod,91.9,$0-10,Etsy; Pinterest organic; gift SEO,Must clearly distinguish transcription from invented recipe facts; user approves content.
4,q4_gallery_sets,Personalized gallery wall print collections,digital_or_pod,91.9,$0-10,Etsy; Pinterest organic; Google Images,Generic wall art is saturated; only personalized/systematic room-specific sets are attractive.
5,q4_personalized_advent,Personalized digital/POD Advent challenge for couples/families,digital_or_pod,91.7,$0-10,Etsy; Pinterest organic; gift SEO,Hard seasonal cutoff; stop acquisition early enough to avoid delivery/support issues.
6,q4_gothic_stationery,Vamp Romantic / gothic personalized holiday & wedding stationery,digital_or_pod,91.6,$0-10,Etsy; Pinterest organic; SEO,Avoid copying living artists or copyrighted IP; maintain distinctive art direction.
7,q4_custom_cards_b2b,Small-business personalized holiday cards with auto-generated client variants,b2b_digital_or_pod,91.0,$0-10,SEO; direct outreach; Etsy; local business directories,Need robust data/privacy handling for customer lists.
8,q4_family_annual,AI-personalized family annual / year-in-review book,personalized_pod,90.8,$0-10,Etsy; Pinterest organic; Google free listings; gift SEO,"Demand is adjacent (memory journals/personalization), not a verified exact-product market."
9,q4_memory_journal,Personalized memory journal / 'year together' gift,personalized_pod,90.3,$0-10,Etsy; Pinterest organic; Google free listings,Exact Etsy competition must be measured with Marketplace Insights before scale.
10,q4_grandparent_book,Grandparent interview / memory book personalized to family,personalized_pod,90.3,$0-10,Etsy; Pinterest organic; gift SEO,Privacy-sensitive family data requires clear handling and deletion policy.
11,q4_stained_glass,"Stained-glass-style personalized signs/cards (printed, not actual glass)",digital_or_pod,89.9,$0-10,Etsy; Pinterest organic; SEO,Use original visual style; do not imitate identifiable artists.
12,q4_hobby_starter,AI-personalized hobby starter guides + kits (needlepoint/crochet/journaling),digital_then_physical,89.2,$0-10,Etsy; Pinterest organic; SEO; YouTube organic,Instruction quality must be verified by domain examples; avoid low-quality AI sludge.
13,q4_travel_journal,Personalized travel / adventure journal + map gift,personalized_pod,88.9,$0-10,Etsy; Pinterest organic; travel SEO,Map data/licensing must be handled correctly if using third-party map sources.
14,q4_home_cinema_affiliate,Home cinema expert: projector comparison + affiliate/lead-gen before retail,affiliate_specialist_site,88.8,$0-10,SEO; YouTube organic; Pinterest; affiliate,2025 Google signal is historical; revalidate 2026 search trend before commerce launch.
15,q4_wildflower_signs,Wildflower / botanical personalized event signs and keepsakes,digital_or_pod,88.4,$0-10,Etsy; Pinterest organic; SEO,Spring/wedding signal is strong but Q4 fit is lower; keep as evergreen lane.
16,q4_personalized_pet,"Personalized pet gift line: bowl, travel tag, memory ornament, story card",personalized_pod,86.3,$10-50,Etsy; Pinterest organic; Google free listings; pet SEO,"Pet category converts well generally, but personalized pet gifts are competitive; long-tail recipient/occasion niches matter."
17,q4_penpal_kit,Personalized pen-pal / letter-writing gift kit,personalized_pod,84.8,$10-50,Pinterest organic; Etsy; Google Images/Lens,Pinterest trend interest does not equal purchase intent; use outbound-click and conversion evidence.
18,q4_needlepoint,Beginner needlepoint gift kit with AI-personalized pattern,physical_lightweight,81.8,$10-50,Etsy; Pinterest organic; Google free listings,Physical kit sourcing/quality must be validated; custom patterns need QA.
19,q4_journal_charms,Personalized journal charm + accessory gift sets,physical_lightweight,80.1,$10-50,Etsy; Pinterest organic; Google Images/Lens,Charm sourcing can become commodity-like; moat must be curation/personalization/brand.
20,q4_brooch_bundle,Curated brooch gift bundles / personalized brooch story cards,physical_lightweight,80.0,$10-50,Pinterest organic; Etsy; Google Images/Lens,"Pinterest Brooched trend is a trend signal, not verified transaction demand."
21,q4_home_barista,Home barista specialist: accessories and bundle adviser,specialist_commerce,79.7,$10-50,Google free listings; SEO; Pinterest; YouTube organic,Exact current demand/competition must be validated with Keyword Planner/Trends.
22,q4_whimsical_case,Whimsical/polka-dot personalized phone cases,print_on_demand,79.6,$10-50,Etsy; Pinterest organic; Google free listings,Phone cases are highly competitive; trend lift alone is insufficient.
23,q4_dog_travel,"Dog travel expert: carriers, seat covers, tags and comfort bundles",specialist_commerce,78.6,$10-50,Google free listings; SEO; Pinterest; pet communities,Physical safety claims must be evidence-based; don't overclaim restraint/crash protection.
24,q4_little_treat,Personalized 'just because' mini gift kits,physical_lightweight,76.7,$10-50,Etsy; Pinterest organic; creator seeding,Low AOV can make paid ads uneconomic; must rely on marketplace/organic and upsells.
25,q4_vintage_barware,Vintage barware curation and gifting marketplace/affiliate,curated_marketplace,76.2,$50-150,Etsy; eBay; Pinterest organic; SEO,"Authenticity, breakage and shipping can erase margin."
26,q4_mahjong,"Mahjong gift accessories: racks, scorecards, custom cases",physical_lightweight,75.9,$10-50,Etsy; Pinterest organic; Google free listings,Mahjong is trending; full sets may be more capital/quality intensive and competitive.
