country,niche,product_name,competitor_price_local,landed_cost_local,target_price_local,monthly_searches,cpc_local,assumed_cvr,match_quality,competitor_source,supplier_source,score_total,gate,reason,economics_json,breakdown_json
NO,architectural/kitchen hardware,Tapwell Bean 037 brass knob,295.0,50.0,271.4,790.0,4.34,0.03,category/near-match only,https://www.prisjakt.no/s/kjokken-handtak-borstet-messing/,https://www.alibaba.com/countrysearch/CN/brass-handles-kitchen.html,81.62,RESEARCH,supplier match/delivered quote not yet verified,"{""target_price_local"": 271.4, ""expected_units_per_order"": 8.0, ""order_revenue_local"": 2171.2, ""net_revenue_ex_vat"": 1736.96, ""landed_cost_local"": 50.0, ""landed_cost_order_local"": 400.0, ""payment_fee_local"": 54.28, ""expected_returns_loss_local"": 45.6, ""support_allowance_local"": 32.57, ""pre_ad_contribution_local"": 1204.52, ""expected_cpa_local"": 144.67, ""contribution_after_ads_local"": 1059.85, ""break_even_cvr"": 0.0036, ""break_even_roas"": 1.803, ""expected_roas"": 15.008, ""contribution_margin_after_ads"": 0.4881}","{""total"": 81.62, ""economics"": 35.0, ""demand"": 8.69, ""competition"": 11.74, ""merchandising"": 5.5, ""basket"": 9.0, ""localization"": 8.15, ""operations"": 3.53, ""gate"": ""RESEARCH"", ""reason"": ""supplier match/delivered quote not yet verified""}"
NO,architectural/kitchen hardware,Beslag Design Lounge 160 brushed brass handle,209.0,38.0,192.28,580.0,3.98,0.03,category/near-match only,https://www.prisjakt.no/s/kjokken-handtak-borstet-messing/,https://www.alibaba.com/countrysearch/CN/brass-handles-kitchen.html,81.21,RESEARCH,supplier match/delivered quote not yet verified,"{""target_price_local"": 192.28, ""expected_units_per_order"": 8.0, ""order_revenue_local"": 1538.24, ""net_revenue_ex_vat"": 1230.59, ""landed_cost_local"": 38.0, ""landed_cost_order_local"": 304.0, ""payment_fee_local"": 38.46, ""expected_returns_loss_local"": 32.3, ""support_allowance_local"": 23.07, ""pre_ad_contribution_local"": 832.76, ""expected_cpa_local"": 132.67, ""contribution_after_ads_local"": 700.09, ""break_even_cvr"": 0.00478, ""break_even_roas"": 1.847, ""expected_roas"": 11.595, ""contribution_margin_after_ads"": 0.4551}","{""total"": 81.21, ""economics"": 35.0, ""demand"": 8.29, ""competition"": 11.74, ""merchandising"": 5.5, ""basket"": 9.0, ""localization"": 8.15, ""operations"": 3.53, ""gate"": ""RESEARCH"", ""reason"": ""supplier match/delivered quote not yet verified""}"
DK,rechargeable hospitality/table lighting,"Duni Zelda rechargeable table lamp, brass",1299.0,111.0,1195.08,1900.0,4.32,0.026,category/near-match only,https://bord-lampe.dk/genopladelig/,https://www.alibaba.com/wholesale/cordless-table-lamps-rechargeable.html,80.74,COMPLIANCE_REVIEW,product category requires manual compliance evidence; supplier match/delivered quote not yet verified,"{""target_price_local"": 1195.08, ""expected_units_per_order"": 1.5, ""order_revenue_local"": 1792.62, ""net_revenue_ex_vat"": 1434.1, ""landed_cost_local"": 111.0, ""landed_cost_order_local"": 166.5, ""payment_fee_local"": 44.82, ""expected_returns_loss_local"": 37.65, ""support_allowance_local"": 26.89, ""pre_ad_contribution_local"": 1158.25, ""expected_cpa_local"": 166.15, ""contribution_after_ads_local"": 992.09, ""break_even_cvr"": 0.00373, ""break_even_roas"": 1.548, ""expected_roas"": 10.789, ""contribution_margin_after_ads"": 0.5534}","{""total"": 80.74, ""economics"": 35.0, ""demand"": 9.84, ""competition"": 11.74, ""merchandising"": 5.5, ""basket"": 8.75, ""localization"": 7.65, ""operations"": 2.26, ""gate"": ""COMPLIANCE_REVIEW"", ""reason"": ""product category requires manual compliance evidence; supplier match/delivered quote not yet verified""}"
NO,rechargeable hospitality/table lighting,"Halo Design Question rechargeable table lamp, black/brass",1315.0,133.0,1209.8,1250.0,6.16,0.026,category/near-match only,https://www.prisjakt.no/s/oppladbar-bordlampe/,https://www.alibaba.com/wholesale/cordless-table-lamps-rechargeable.html,80.69,COMPLIANCE_REVIEW,product category requires manual compliance evidence; supplier match/delivered quote not yet verified,"{""target_price_local"": 1209.8, ""expected_units_per_order"": 1.5, ""order_revenue_local"": 1814.7, ""net_revenue_ex_vat"": 1451.76, ""landed_cost_local"": 133.0, ""landed_cost_order_local"": 199.5, ""payment_fee_local"": 45.37, ""expected_returns_loss_local"": 38.11, ""support_allowance_local"": 27.22, ""pre_ad_contribution_local"": 1141.56, ""expected_cpa_local"": 236.92, ""contribution_after_ads_local"": 904.64, ""break_even_cvr"": 0.0054, ""break_even_roas"": 1.59, ""expected_roas"": 7.659, ""contribution_margin_after_ads"": 0.4985}","{""total"": 80.69, ""economics"": 35.0, ""demand"": 9.29, ""competition"": 11.74, ""merchandising"": 5.5, ""basket"": 8.75, ""localization"": 8.15, ""operations"": 2.26, ""gate"": ""COMPLIANCE_REVIEW"", ""reason"": ""product category requires manual compliance evidence; supplier match/delivered quote not yet verified""}"
DK,rechargeable hospitality/table lighting,"Haipot rechargeable LED table lamp, dark red",599.0,107.0,551.08,1800.0,4.24,0.026,category/near-match only,https://bord-lampe.dk/genopladelig/,https://www.alibaba.com/wholesale/cordless-table-lamps-rechargeable.html,80.67,COMPLIANCE_REVIEW,product category requires manual compliance evidence; supplier match/delivered quote not yet verified,"{""target_price_local"": 551.08, ""expected_units_per_order"": 1.5, ""order_revenue_local"": 826.62, ""net_revenue_ex_vat"": 661.3, ""landed_cost_local"": 107.0, ""landed_cost_order_local"": 160.5, ""payment_fee_local"": 20.67, ""expected_returns_loss_local"": 17.36, ""support_allowance_local"": 12.4, ""pre_ad_contribution_local"": 450.37, ""expected_cpa_local"": 163.08, ""contribution_after_ads_local"": 287.3, ""break_even_cvr"": 0.00941, ""break_even_roas"": 1.835, ""expected_roas"": 5.069, ""contribution_margin_after_ads"": 0.3476}","{""total"": 80.67, ""economics"": 35.0, ""demand"": 9.77, ""competition"": 11.74, ""merchandising"": 5.5, ""basket"": 8.75, ""localization"": 7.65, ""operations"": 2.26, ""gate"": ""COMPLIANCE_REVIEW"", ""reason"": ""product category requires manual compliance evidence; supplier match/delivered quote not yet verified""}"
NO,architectural/kitchen hardware,Beslag Design Bella 160 brushed brass handle,118.0,26.0,108.56,370.0,3.62,0.03,category/near-match only,https://www.prisjakt.no/s/kjokken-handtak-borstet-messing/,https://www.alibaba.com/countrysearch/CN/brass-handles-kitchen.html,80.63,RESEARCH,supplier match/delivered quote not yet verified,"{""target_price_local"": 108.56, ""expected_units_per_order"": 8.0, ""order_revenue_local"": 868.48, ""net_revenue_ex_vat"": 694.78, ""landed_cost_local"": 26.0, ""landed_cost_order_local"": 208.0, ""payment_fee_local"": 21.71, ""expected_returns_loss_local"": 18.24, ""support_allowance_local"": 13.03, ""pre_ad_contribution_local"": 433.81, ""expected_cpa_local"": 120.67, ""contribution_after_ads_local"": 313.14, ""break_even_cvr"": 0.00834, ""break_even_roas"": 2.002, ""expected_roas"": 7.197, ""contribution_margin_after_ads"": 0.3606}","{""total"": 80.63, ""economics"": 35.0, ""demand"": 7.7, ""competition"": 11.74, ""merchandising"": 5.5, ""basket"": 9.0, ""localization"": 8.15, ""operations"": 3.53, ""gate"": ""RESEARCH"", ""reason"": ""supplier match/delivered quote not yet verified""}"
NO,rechargeable hospitality/table lighting,"Joy rechargeable table lamp, turquoise",1062.0,127.0,977.04,1150.0,6.04,0.026,category/near-match only,https://www.prisjakt.no/s/oppladbar-bordlampe/,https://www.alibaba.com/wholesale/cordless-table-lamps-rechargeable.html,80.58,COMPLIANCE_REVIEW,product category requires manual compliance evidence; supplier match/delivered quote not yet verified,"{""target_price_local"": 977.04, ""expected_units_per_order"": 1.5, ""order_revenue_local"": 1465.56, ""net_revenue_ex_vat"": 1172.45, ""landed_cost_local"": 127.0, ""landed_cost_order_local"": 190.5, ""payment_fee_local"": 36.64, ""expected_returns_loss_local"": 30.78, ""support_allowance_local"": 21.98, ""pre_ad_contribution_local"": 892.55, ""expected_cpa_local"": 232.31, ""contribution_after_ads_local"": 660.24, ""break_even_cvr"": 0.00677, ""break_even_roas"": 1.642, ""expected_roas"": 6.309, ""contribution_margin_after_ads"": 0.4505}","{""total"": 80.58, ""economics"": 35.0, ""demand"": 9.18, ""competition"": 11.74, ""merchandising"": 5.5, ""basket"": 8.75, ""localization"": 8.15, ""operations"": 2.26, ""gate"": ""COMPLIANCE_REVIEW"", ""reason"": ""product category requires manual compliance evidence; supplier match/delivered quote not yet verified""}"
DK,architectural/kitchen hardware,Positano kitchen handle,72.0,18.0,66.24,510.0,2.3000000000000003,0.03,category/near-match only,https://www.kungreb.dk/da/kokkengreb/handtag-messing/,https://www.alibaba.com/countrysearch/CN/brass-handles-kitchen.html,80.55,RESEARCH,supplier match/delivered quote not yet verified,"{""target_price_local"": 66.24, ""expected_units_per_order"": 8.0, ""order_revenue_local"": 529.92, ""net_revenue_ex_vat"": 423.94, ""landed_cost_local"": 18.0, ""landed_cost_order_local"": 144.0, ""payment_fee_local"": 13.25, ""expected_returns_loss_local"": 11.13, ""support_allowance_local"": 7.95, ""pre_ad_contribution_local"": 247.61, ""expected_cpa_local"": 76.67, ""contribution_after_ads_local"": 170.94, ""break_even_cvr"": 0.00929, ""break_even_roas"": 2.14, ""expected_roas"": 6.912, ""contribution_margin_after_ads"": 0.3226}","{""total"": 80.55, ""economics"": 35.0, ""demand"": 8.12, ""competition"": 11.74, ""merchandising"": 5.5, ""basket"": 9.0, ""localization"": 7.65, ""operations"": 3.53, ""gate"": ""RESEARCH"", ""reason"": ""supplier match/delivered quote not yet verified""}"
NO,rechargeable hospitality/table lighting,"Joe rechargeable table lamp, 3W LED",2049.0,121.0,1885.08,1050.0,5.92,0.026,category/near-match only,https://www.prisjakt.no/s/oppladbar-bordlampe/,https://www.alibaba.com/wholesale/cordless-table-lamps-rechargeable.html,80.46,COMPLIANCE_REVIEW,product category requires manual compliance evidence; supplier match/delivered quote not yet verified,"{""target_price_local"": 1885.08, ""expected_units_per_order"": 1.5, ""order_revenue_local"": 2827.62, ""net_revenue_ex_vat"": 2262.1, ""landed_cost_local"": 121.0, ""landed_cost_order_local"": 181.5, ""payment_fee_local"": 70.69, ""expected_returns_loss_local"": 59.38, ""support_allowance_local"": 42.41, ""pre_ad_contribution_local"": 1908.11, ""expected_cpa_local"": 227.69, ""contribution_after_ads_local"": 1680.42, ""break_even_cvr"": 0.0031, ""break_even_roas"": 1.482, ""expected_roas"": 12.419, ""contribution_margin_after_ads"": 0.5943}","{""total"": 80.46, ""economics"": 35.0, ""demand"": 9.06, ""competition"": 11.74, ""merchandising"": 5.5, ""basket"": 8.75, ""localization"": 8.15, ""operations"": 2.26, ""gate"": ""COMPLIANCE_REVIEW"", ""reason"": ""product category requires manual compliance evidence; supplier match/delivered quote not yet verified""}"
NO,architectural/kitchen hardware,Beslag Design 0143-192 brushed brass handle,146.0,22.0,134.32,300.0,3.5,0.03,category/near-match only,https://www.prisjakt.no/s/kjokken-handtak-borstet-messing/,https://www.alibaba.com/countrysearch/CN/brass-handles-kitchen.html,80.35,RESEARCH,supplier match/delivered quote not yet verified,"{""target_price_local"": 134.32, ""expected_units_per_order"": 8.0, ""order_revenue_local"": 1074.56, ""net_revenue_ex_vat"": 859.65, ""landed_cost_local"": 22.0, ""landed_cost_order_local"": 176.0, ""payment_fee_local"": 26.86, ""expected_returns_loss_local"": 22.57, ""support_allowance_local"": 16.12, ""pre_ad_contribution_local"": 618.1, ""expected_cpa_local"": 116.67, ""contribution_after_ads_local"": 501.43, ""break_even_cvr"": 0.00566, ""break_even_roas"": 1.738, ""expected_roas"": 9.211, ""contribution_margin_after_ads"": 0.4666}","{""total"": 80.35, ""economics"": 35.0, ""demand"": 7.43, ""competition"": 11.74, ""merchandising"": 5.5, ""basket"": 9.0, ""localization"": 8.15, ""operations"": 3.53, ""gate"": ""RESEARCH"", ""reason"": ""supplier match/delivered quote not yet verified""}"
NO,rechargeable hospitality/table lighting,"Modi rechargeable table lamp, red",1335.0,115.0,1228.2,950.0,5.8,0.026,category/near-match only,https://www.prisjakt.no/s/oppladbar-bordlampe/,https://www.alibaba.com/wholesale/cordless-table-lamps-rechargeable.html,80.33,COMPLIANCE_REVIEW,product category requires manual compliance evidence; supplier match/delivered quote not yet verified,"{""target_price_local"": 1228.2, ""expected_units_per_order"": 1.5, ""order_revenue_local"": 1842.3, ""net_revenue_ex_vat"": 1473.84, ""landed_cost_local"": 115.0, ""landed_cost_order_local"": 172.5, ""payment_fee_local"": 46.06, ""expected_returns_loss_local"": 38.69, ""support_allowance_local"": 27.63, ""pre_ad_contribution_local"": 1188.96, ""expected_cpa_local"": 223.08, ""contribution_after_ads_local"": 965.88, ""break_even_cvr"": 0.00488, ""break_even_roas"": 1.55, ""expected_roas"": 8.259, ""contribution_margin_after_ads"": 0.5243}","{""total"": 80.33, ""economics"": 35.0, ""demand"": 8.93, ""competition"": 11.74, ""merchandising"": 5.5, ""basket"": 8.75, ""localization"": 8.15, ""operations"": 2.26, ""gate"": ""COMPLIANCE_REVIEW"", ""reason"": ""product category requires manual compliance evidence; supplier match/delivered quote not yet verified""}"
DK,architectural/kitchen hardware,Conti cup handle,67.0,15.0,61.64,430.0,2.2,0.03,category/near-match only,https://www.kungreb.dk/da/kokkengreb/handtag-messing/,https://www.alibaba.com/countrysearch/CN/brass-handles-kitchen.html,80.32,RESEARCH,supplier match/delivered quote not yet verified,"{""target_price_local"": 61.64, ""expected_units_per_order"": 8.0, ""order_revenue_local"": 493.12, ""net_revenue_ex_vat"": 394.5, ""landed_cost_local"": 15.0, ""landed_cost_order_local"": 120.0, ""payment_fee_local"": 12.33, ""expected_returns_loss_local"": 10.36, ""support_allowance_local"": 7.4, ""pre_ad_contribution_local"": 244.42, ""expected_cpa_local"": 73.33, ""contribution_after_ads_local"": 171.08, ""break_even_cvr"": 0.009, ""break_even_roas"": 2.018, ""expected_roas"": 6.724, ""contribution_margin_after_ads"": 0.3469}","{""total"": 80.32, ""economics"": 35.0, ""demand"": 7.9, ""competition"": 11.74, ""merchandising"": 5.5, ""basket"": 9.0, ""localization"": 7.65, ""operations"": 3.53, ""gate"": ""RESEARCH"", ""reason"": ""supplier match/delivered quote not yet verified""}"
NO,rechargeable hospitality/table lighting,"Hygge rechargeable table lamp, antique",1099.0,109.0,1011.08,850.0,5.68,0.026,category/near-match only,https://www.prisjakt.no/s/oppladbar-bordlampe/,https://www.alibaba.com/wholesale/cordless-table-lamps-rechargeable.html,80.19,COMPLIANCE_REVIEW,product category requires manual compliance evidence; supplier match/delivered quote not yet verified,"{""target_price_local"": 1011.08, ""expected_units_per_order"": 1.5, ""order_revenue_local"": 1516.62, ""net_revenue_ex_vat"": 1213.3, ""landed_cost_local"": 109.0, ""landed_cost_order_local"": 163.5, ""payment_fee_local"": 37.92, ""expected_returns_loss_local"": 31.85, ""support_allowance_local"": 22.75, ""pre_ad_contribution_local"": 957.28, ""expected_cpa_local"": 218.46, ""contribution_after_ads_local"": 738.82, ""break_even_cvr"": 0.00593, ""break_even_roas"": 1.584, ""expected_roas"": 6.942, ""contribution_margin_after_ads"": 0.4871}","{""total"": 80.19, ""economics"": 35.0, ""demand"": 8.79, ""competition"": 11.74, ""merchandising"": 5.5, ""basket"": 8.75, ""localization"": 8.15, ""operations"": 2.26, ""gate"": ""COMPLIANCE_REVIEW"", ""reason"": ""product category requires manual compliance evidence; supplier match/delivered quote not yet verified""}"
DK,restaurant/hospitality display hardware,Securit MICHELLE black table lamp with board,495.2,30.0,455.58,220.0,2.1,0.028,category/near-match only,https://www.grafical.dk/menuholder/,https://www.alibaba.com/wholesale/acrylic-menu-stand.html,80.16,COMPLIANCE_REVIEW,product category requires manual compliance evidence; supplier match/delivered quote not yet verified,"{""target_price_local"": 455.58, ""expected_units_per_order"": 4.0, ""order_revenue_local"": 1822.32, ""net_revenue_ex_vat"": 1457.86, ""landed_cost_local"": 30.0, ""landed_cost_order_local"": 120.0, ""payment_fee_local"": 45.56, ""expected_returns_loss_local"": 38.27, ""support_allowance_local"": 27.33, ""pre_ad_contribution_local"": 1226.69, ""expected_cpa_local"": 75.0, ""contribution_after_ads_local"": 1151.69, ""break_even_cvr"": 0.00171, ""break_even_roas"": 1.486, ""expected_roas"": 24.298, ""contribution_margin_after_ads"": 0.632}","{""total"": 80.16, ""economics"": 35.0, ""demand"": 7.03, ""competition"": 11.74, ""merchandising"": 5.5, ""basket"": 9.75, ""localization"": 7.65, ""operations"": 3.5, ""gate"": ""COMPLIANCE_REVIEW"", ""reason"": ""product category requires manual compliance evidence; supplier match/delivered quote not yet verified""}"
DK,rechargeable hospitality/table lighting,"Sirius Tim rechargeable table lamp, white 22 cm",459.0,83.0,422.28,1200.0,3.7600000000000002,0.026,category/near-match only,https://bord-lampe.dk/genopladelig/,https://www.alibaba.com/wholesale/cordless-table-lamps-rechargeable.html,80.14,COMPLIANCE_REVIEW,product category requires manual compliance evidence; supplier match/delivered quote not yet verified,"{""target_price_local"": 422.28, ""expected_units_per_order"": 1.5, ""order_revenue_local"": 633.42, ""net_revenue_ex_vat"": 506.74, ""landed_cost_local"": 83.0, ""landed_cost_order_local"": 124.5, ""payment_fee_local"": 15.84, ""expected_returns_loss_local"": 13.3, ""support_allowance_local"": 9.5, ""pre_ad_contribution_local"": 343.6, ""expected_cpa_local"": 144.62, ""contribution_after_ads_local"": 198.98, ""break_even_cvr"": 0.01094, ""break_even_roas"": 1.843, ""expected_roas"": 4.38, ""contribution_margin_after_ads"": 0.3141}","{""total"": 80.14, ""economics"": 35.0, ""demand"": 9.24, ""competition"": 11.74, ""merchandising"": 5.5, ""basket"": 8.75, ""localization"": 7.65, ""operations"": 2.26, ""gate"": ""COMPLIANCE_REVIEW"", ""reason"": ""product category requires manual compliance evidence; supplier match/delivered quote not yet verified""}"
DK,architectural/kitchen hardware,Siena kitchen handle,55.0,12.0,50.6,350.0,2.1,0.03,category/near-match only,https://www.kungreb.dk/da/kokkengreb/handtag-messing/,https://www.alibaba.com/countrysearch/CN/brass-handles-kitchen.html,80.05,RESEARCH,supplier match/delivered quote not yet verified,"{""target_price_local"": 50.6, ""expected_units_per_order"": 8.0, ""order_revenue_local"": 404.8, ""net_revenue_ex_vat"": 323.84, ""landed_cost_local"": 12.0, ""landed_cost_order_local"": 96.0, ""payment_fee_local"": 10.12, ""expected_returns_loss_local"": 8.5, ""support_allowance_local"": 6.07, ""pre_ad_contribution_local"": 203.15, ""expected_cpa_local"": 70.0, ""contribution_after_ads_local"": 133.15, ""break_even_cvr"": 0.01034, ""break_even_roas"": 1.993, ""expected_roas"": 5.783, ""contribution_margin_after_ads"": 0.3289}","{""total"": 80.05, ""economics"": 35.0, ""demand"": 7.63, ""competition"": 11.74, ""merchandising"": 5.5, ""basket"": 9.0, ""localization"": 7.65, ""operations"": 3.53, ""gate"": ""RESEARCH"", ""reason"": ""supplier match/delivered quote not yet verified""}"
DK,restaurant/hospitality display hardware,Nobo A4 sign frame on stand,735.2,20.0,676.38,170.0,1.95,0.028,category/near-match only,https://www.grafical.dk/menuholder/,https://www.alibaba.com/wholesale/acrylic-menu-stand.html,79.83,RESEARCH,supplier match/delivered quote not yet verified,"{""target_price_local"": 676.38, ""expected_units_per_order"": 4.0, ""order_revenue_local"": 2705.52, ""net_revenue_ex_vat"": 2164.42, ""landed_cost_local"": 20.0, ""landed_cost_order_local"": 80.0, ""payment_fee_local"": 67.64, ""expected_returns_loss_local"": 56.82, ""support_allowance_local"": 40.58, ""pre_ad_contribution_local"": 1919.38, ""expected_cpa_local"": 69.64, ""contribution_after_ads_local"": 1849.74, ""break_even_cvr"": 0.00102, ""break_even_roas"": 1.41, ""expected_roas"": 38.848, ""contribution_margin_after_ads"": 0.6837}","{""total"": 79.83, ""economics"": 35.0, ""demand"": 6.69, ""competition"": 11.74, ""merchandising"": 5.5, ""basket"": 9.75, ""localization"": 7.65, ""operations"": 3.5, ""gate"": ""RESEARCH"", ""reason"": ""supplier match/delivered quote not yet verified""}"
NO,acoustic/slat wall panels,Opus acoustic panel 600x2400 light,1299.0,246.0,1195.08,1000.0,6.4,0.024,category/near-match only,https://www.prisjakt.no/s/akustikkpanel/,https://www.alibaba.com/showroom/wood-slat-acoustic-wall-panels.html,79.77,RESEARCH,supplier match/delivered quote not yet verified,"{""target_price_local"": 1195.08, ""expected_units_per_order"": 3.0, ""order_revenue_local"": 3585.24, ""net_revenue_ex_vat"": 2868.19, ""landed_cost_local"": 246.0, ""landed_cost_order_local"": 738.0, ""payment_fee_local"": 89.63, ""expected_returns_loss_local"": 75.29, ""support_allowance_local"": 53.78, ""pre_ad_contribution_local"": 1911.49, ""expected_cpa_local"": 266.67, ""contribution_after_ads_local"": 1644.83, ""break_even_cvr"": 0.00335, ""break_even_roas"": 1.876, ""expected_roas"": 13.445, ""contribution_margin_after_ads"": 0.4588}","{""total"": 79.77, ""economics"": 35.0, ""demand"": 9.0, ""competition"": 11.74, ""merchandising"": 5.5, ""basket"": 9.0, ""localization"": 8.15, ""operations"": 1.39, ""gate"": ""RESEARCH"", ""reason"": ""supplier match/delivered quote not yet verified""}"
DK,rechargeable hospitality/table lighting,"3W rechargeable LED table lamp, brown, 4000mAh",454.0,71.0,417.68,900.0,3.52,0.026,category/near-match only,https://bord-lampe.dk/genopladelig/,https://www.alibaba.com/wholesale/cordless-table-lamps-rechargeable.html,79.76,COMPLIANCE_REVIEW,product category requires manual compliance evidence; supplier match/delivered quote not yet verified,"{""target_price_local"": 417.68, ""expected_units_per_order"": 1.5, ""order_revenue_local"": 626.52, ""net_revenue_ex_vat"": 501.22, ""landed_cost_local"": 71.0, ""landed_cost_order_local"": 106.5, ""payment_fee_local"": 15.66, ""expected_returns_loss_local"": 13.16, ""support_allowance_local"": 9.4, ""pre_ad_contribution_local"": 356.5, ""expected_cpa_local"": 135.38, ""contribution_after_ads_local"": 221.11, ""break_even_cvr"": 0.00987, ""break_even_roas"": 1.757, ""expected_roas"": 4.628, ""contribution_margin_after_ads"": 0.3529}","{""total"": 79.76, ""economics"": 35.0, ""demand"": 8.86, ""competition"": 11.74, ""merchandising"": 5.5, ""basket"": 8.75, ""localization"": 7.65, ""operations"": 2.26, ""gate"": ""COMPLIANCE_REVIEW"", ""reason"": ""product category requires manual compliance evidence; supplier match/delivered quote not yet verified""}"
NO,rechargeable hospitality/table lighting,"Frida rechargeable table lamp, beige",600.0,97.0,552.0,650.0,5.44,0.026,category/near-match only,https://www.prisjakt.no/s/oppladbar-bordlampe/,https://www.alibaba.com/wholesale/cordless-table-lamps-rechargeable.html,79.7,COMPLIANCE_REVIEW,product category requires manual compliance evidence; supplier match/delivered quote not yet verified,"{""target_price_local"": 552.0, ""expected_units_per_order"": 1.5, ""order_revenue_local"": 828.0, ""net_revenue_ex_vat"": 662.4, ""landed_cost_local"": 97.0, ""landed_cost_order_local"": 145.5, ""payment_fee_local"": 20.7, ""expected_returns_loss_local"": 17.39, ""support_allowance_local"": 12.42, ""pre_ad_contribution_local"": 466.39, ""expected_cpa_local"": 209.23, ""contribution_after_ads_local"": 257.16, ""break_even_cvr"": 0.01166, ""break_even_roas"": 1.775, ""expected_roas"": 3.957, ""contribution_margin_after_ads"": 0.3106}","{""total"": 79.7, ""economics"": 34.86, ""demand"": 8.44, ""competition"": 11.74, ""merchandising"": 5.5, ""basket"": 8.75, ""localization"": 8.15, ""operations"": 2.26, ""gate"": ""COMPLIANCE_REVIEW"", ""reason"": ""product category requires manual compliance evidence; supplier match/delivered quote not yet verified""}"
DK,rechargeable hospitality/table lighting,"Kave Home Arenys rechargeable table lamp, turquoise",799.0,67.0,735.08,800.0,3.4400000000000004,0.026,category/near-match only,https://bord-lampe.dk/genopladelig/,https://www.alibaba.com/wholesale/cordless-table-lamps-rechargeable.html,79.61,COMPLIANCE_REVIEW,product category requires manual compliance evidence; supplier match/delivered quote not yet verified,"{""target_price_local"": 735.08, ""expected_units_per_order"": 1.5, ""order_revenue_local"": 1102.62, ""net_revenue_ex_vat"": 882.1, ""landed_cost_local"": 67.0, ""landed_cost_order_local"": 100.5, ""payment_fee_local"": 27.57, ""expected_returns_loss_local"": 23.16, ""support_allowance_local"": 16.54, ""pre_ad_contribution_local"": 714.34, ""expected_cpa_local"": 132.31, ""contribution_after_ads_local"": 582.03, ""break_even_cvr"": 0.00482, ""break_even_roas"": 1.544, ""expected_roas"": 8.334, ""contribution_margin_after_ads"": 0.5279}","{""total"": 79.61, ""economics"": 35.0, ""demand"": 8.71, ""competition"": 11.74, ""merchandising"": 5.5, ""basket"": 8.75, ""localization"": 7.65, ""operations"": 2.26, ""gate"": ""COMPLIANCE_REVIEW"", ""reason"": ""product category requires manual compliance evidence; supplier match/delivered quote not yet verified""}"
NO,acoustic/slat wall panels,Lind acoustic panel 2390x600x19 oak,1999.0,228.0,1839.08,850.0,6.2,0.024,category/near-match only,https://www.prisjakt.no/s/akustikkpanel/,https://www.alibaba.com/showroom/wood-slat-acoustic-wall-panels.html,79.56,RESEARCH,supplier match/delivered quote not yet verified,"{""target_price_local"": 1839.08, ""expected_units_per_order"": 3.0, ""order_revenue_local"": 5517.24, ""net_revenue_ex_vat"": 4413.79, ""landed_cost_local"": 228.0, ""landed_cost_order_local"": 684.0, ""payment_fee_local"": 137.93, ""expected_returns_loss_local"": 115.86, ""support_allowance_local"": 82.76, ""pre_ad_contribution_local"": 3393.24, ""expected_cpa_local"": 258.33, ""contribution_after_ads_local"": 3134.91, ""break_even_cvr"": 0.00183, ""break_even_roas"": 1.626, ""expected_roas"": 21.357, ""contribution_margin_after_ads"": 0.5682}","{""total"": 79.56, ""economics"": 35.0, ""demand"": 8.79, ""competition"": 11.74, ""merchandising"": 5.5, ""basket"": 9.0, ""localization"": 8.15, ""operations"": 1.39, ""gate"": ""RESEARCH"", ""reason"": ""supplier match/delivered quote not yet verified""}"
DK,restaurant/hospitality display hardware,Securit Y-shaped A6 clear acrylic menu holder,95.2,10.0,87.58,120.0,1.8,0.028,category/near-match only,https://www.grafical.dk/menuholder/,https://www.alibaba.com/wholesale/acrylic-menu-stand.html,79.37,RESEARCH,supplier match/delivered quote not yet verified,"{""target_price_local"": 87.58, ""expected_units_per_order"": 4.0, ""order_revenue_local"": 350.32, ""net_revenue_ex_vat"": 280.26, ""landed_cost_local"": 10.0, ""landed_cost_order_local"": 40.0, ""payment_fee_local"": 8.76, ""expected_returns_loss_local"": 7.36, ""support_allowance_local"": 5.25, ""pre_ad_contribution_local"": 218.89, ""expected_cpa_local"": 64.29, ""contribution_after_ads_local"": 154.6, ""break_even_cvr"": 0.00822, ""break_even_roas"": 1.6, ""expected_roas"": 5.449, ""contribution_margin_after_ads"": 0.4413}","{""total"": 79.37, ""economics"": 35.0, ""demand"": 6.24, ""competition"": 11.74, ""merchandising"": 5.5, ""basket"": 9.75, ""localization"": 7.65, ""operations"": 3.5, ""gate"": ""RESEARCH"", ""reason"": ""supplier match/delivered quote not yet verified""}"
NO,acoustic/slat wall panels,Spilepanel Ro acoustic panel 21x600x2400 oak veneer,1179.0,210.0,1084.68,700.0,6.0,0.024,category/near-match only,https://www.prisjakt.no/s/akustikkpanel/,https://www.alibaba.com/showroom/wood-slat-acoustic-wall-panels.html,79.31,RESEARCH,supplier match/delivered quote not yet verified,"{""target_price_local"": 1084.68, ""expected_units_per_order"": 3.0, ""order_revenue_local"": 3254.04, ""net_revenue_ex_vat"": 2603.23, ""landed_cost_local"": 210.0, ""landed_cost_order_local"": 630.0, ""payment_fee_local"": 81.35, ""expected_returns_loss_local"": 68.33, ""support_allowance_local"": 48.81, ""pre_ad_contribution_local"": 1774.74, ""expected_cpa_local"": 250.0, ""contribution_after_ads_local"": 1524.74, ""break_even_cvr"": 0.00338, ""break_even_roas"": 1.834, ""expected_roas"": 13.016, ""contribution_margin_after_ads"": 0.4686}","{""total"": 79.31, ""economics"": 35.0, ""demand"": 8.54, ""competition"": 11.74, ""merchandising"": 5.5, ""basket"": 9.0, ""localization"": 8.15, ""operations"": 1.39, ""gate"": ""RESEARCH"", ""reason"": ""supplier match/delivered quote not yet verified""}"
DK,rechargeable hospitality/table lighting,"Nordlux Mirano rechargeable table lamp, green",459.0,59.0,422.28,600.0,3.2800000000000002,0.026,category/near-match only,https://bord-lampe.dk/genopladelig/,https://www.alibaba.com/wholesale/cordless-table-lamps-rechargeable.html,79.23,COMPLIANCE_REVIEW,product category requires manual compliance evidence; supplier match/delivered quote not yet verified,"{""target_price_local"": 422.28, ""expected_units_per_order"": 1.5, ""order_revenue_local"": 633.42, ""net_revenue_ex_vat"": 506.74, ""landed_cost_local"": 59.0, ""landed_cost_order_local"": 88.5, ""payment_fee_local"": 15.84, ""expected_returns_loss_local"": 13.3, ""support_allowance_local"": 9.5, ""pre_ad_contribution_local"": 379.6, ""expected_cpa_local"": 126.15, ""contribution_after_ads_local"": 253.44, ""break_even_cvr"": 0.00864, ""break_even_roas"": 1.669, ""expected_roas"": 5.021, ""contribution_margin_after_ads"": 0.4001}","{""total"": 79.23, ""economics"": 35.0, ""demand"": 8.33, ""competition"": 11.74, ""merchandising"": 5.5, ""basket"": 8.75, ""localization"": 7.65, ""operations"": 2.26, ""gate"": ""COMPLIANCE_REVIEW"", ""reason"": ""product category requires manual compliance evidence; supplier match/delivered quote not yet verified""}"
DK,rechargeable hospitality/table lighting,"Sirius Tim rechargeable table lamp, black nickel 22 cm",479.0,55.0,440.68,500.0,3.2,0.026,category/near-match only,https://bord-lampe.dk/genopladelig/,https://www.alibaba.com/wholesale/cordless-table-lamps-rechargeable.html,79.0,COMPLIANCE_REVIEW,product category requires manual compliance evidence; supplier match/delivered quote not yet verified,"{""target_price_local"": 440.68, ""expected_units_per_order"": 1.5, ""order_revenue_local"": 661.02, ""net_revenue_ex_vat"": 528.82, ""landed_cost_local"": 55.0, ""landed_cost_order_local"": 82.5, ""payment_fee_local"": 16.53, ""expected_returns_loss_local"": 13.88, ""support_allowance_local"": 9.92, ""pre_ad_contribution_local"": 405.99, ""expected_cpa_local"": 123.08, ""contribution_after_ads_local"": 282.92, ""break_even_cvr"": 0.00788, ""break_even_roas"": 1.628, ""expected_roas"": 5.371, ""contribution_margin_after_ads"": 0.428}","{""total"": 79.0, ""economics"": 35.0, ""demand"": 8.1, ""competition"": 11.74, ""merchandising"": 5.5, ""basket"": 8.75, ""localization"": 7.65, ""operations"": 2.26, ""gate"": ""COMPLIANCE_REVIEW"", ""reason"": ""product category requires manual compliance evidence; supplier match/delivered quote not yet verified""}"
NO,acoustic/slat wall panels,Fibrotech acoustic panel 244 light oak,974.0,318.0,896.08,1600.0,7.2,0.024,category/near-match only,https://www.prisjakt.no/s/akustikkpanel/,https://www.alibaba.com/showroom/wood-slat-acoustic-wall-panels.html,78.46,RESEARCH,supplier match/delivered quote not yet verified,"{""target_price_local"": 896.08, ""expected_units_per_order"": 3.0, ""order_revenue_local"": 2688.24, ""net_revenue_ex_vat"": 2150.59, ""landed_cost_local"": 318.0, ""landed_cost_order_local"": 954.0, ""payment_fee_local"": 67.21, ""expected_returns_loss_local"": 56.45, ""support_allowance_local"": 40.32, ""pre_ad_contribution_local"": 1032.61, ""expected_cpa_local"": 300.0, ""contribution_after_ads_local"": 732.61, ""break_even_cvr"": 0.00697, ""break_even_roas"": 2.603, ""expected_roas"": 8.961, ""contribution_margin_after_ads"": 0.2725}","{""total"": 78.46, ""economics"": 33.08, ""demand"": 9.61, ""competition"": 11.74, ""merchandising"": 5.5, ""basket"": 9.0, ""localization"": 8.15, ""operations"": 1.39, ""gate"": ""RESEARCH"", ""reason"": ""supplier match/delivered quote not yet verified""}"
NO,rechargeable hospitality/table lighting,LUTEC NOMA rechargeable table lamp 2-pack,549.0,103.0,505.08,750.0,5.5600000000000005,0.026,category/near-match only,https://www.prisjakt.no/s/oppladbar-bordlampe/,https://www.alibaba.com/wholesale/cordless-table-lamps-rechargeable.html,74.24,COMPLIANCE_REVIEW,product category requires manual compliance evidence; supplier match/delivered quote not yet verified,"{""target_price_local"": 505.08, ""expected_units_per_order"": 1.5, ""order_revenue_local"": 757.62, ""net_revenue_ex_vat"": 606.1, ""landed_cost_local"": 103.0, ""landed_cost_order_local"": 154.5, ""payment_fee_local"": 18.94, ""expected_returns_loss_local"": 15.91, ""support_allowance_local"": 11.36, ""pre_ad_contribution_local"": 405.38, ""expected_cpa_local"": 213.85, ""contribution_after_ads_local"": 191.54, ""break_even_cvr"": 0.01372, ""break_even_roas"": 1.869, ""expected_roas"": 3.543, ""contribution_margin_after_ads"": 0.2528}","{""total"": 74.24, ""economics"": 29.21, ""demand"": 8.63, ""competition"": 11.74, ""merchandising"": 5.5, ""basket"": 8.75, ""localization"": 8.15, ""operations"": 2.26, ""gate"": ""COMPLIANCE_REVIEW"", ""reason"": ""product category requires manual compliance evidence; supplier match/delivered quote not yet verified""}"
NO,rechargeable hospitality/table lighting,Northlight rechargeable LED desk lamp,480.0,91.0,441.6,550.0,5.32,0.026,category/near-match only,https://www.prisjakt.no/s/oppladbar-bordlampe/,https://www.alibaba.com/wholesale/cordless-table-lamps-rechargeable.html,70.63,COMPLIANCE_REVIEW,product category requires manual compliance evidence; supplier match/delivered quote not yet verified,"{""target_price_local"": 441.6, ""expected_units_per_order"": 1.5, ""order_revenue_local"": 662.4, ""net_revenue_ex_vat"": 529.92, ""landed_cost_local"": 91.0, ""landed_cost_order_local"": 136.5, ""payment_fee_local"": 16.56, ""expected_returns_loss_local"": 13.91, ""support_allowance_local"": 9.94, ""pre_ad_contribution_local"": 353.01, ""expected_cpa_local"": 204.62, ""contribution_after_ads_local"": 148.4, ""break_even_cvr"": 0.01507, ""break_even_roas"": 1.876, ""expected_roas"": 3.237, ""contribution_margin_after_ads"": 0.224}","{""total"": 70.63, ""economics"": 26.01, ""demand"": 8.22, ""competition"": 11.74, ""merchandising"": 5.5, ""basket"": 8.75, ""localization"": 8.15, ""operations"": 2.26, ""gate"": ""COMPLIANCE_REVIEW"", ""reason"": ""product category requires manual compliance evidence; supplier match/delivered quote not yet verified""}"
DK,architectural/kitchen hardware,"Sala kitchen handle, matte brass",65.0,24.0,59.8,670.0,2.5,0.03,category/near-match only,https://www.kungreb.dk/da/kokkengreb/handtag-messing/,https://www.alibaba.com/countrysearch/CN/brass-handles-kitchen.html,69.16,RESEARCH,supplier match/delivered quote not yet verified,"{""target_price_local"": 59.8, ""expected_units_per_order"": 8.0, ""order_revenue_local"": 478.4, ""net_revenue_ex_vat"": 382.72, ""landed_cost_local"": 24.0, ""landed_cost_order_local"": 192.0, ""payment_fee_local"": 11.96, ""expected_returns_loss_local"": 10.05, ""support_allowance_local"": 7.18, ""pre_ad_contribution_local"": 161.54, ""expected_cpa_local"": 83.33, ""contribution_after_ads_local"": 78.2, ""break_even_cvr"": 0.01548, ""break_even_roas"": 2.962, ""expected_roas"": 5.741, ""contribution_margin_after_ads"": 0.1635}","{""total"": 69.16, ""economics"": 23.26, ""demand"": 8.48, ""competition"": 11.74, ""merchandising"": 5.5, ""basket"": 9.0, ""localization"": 7.65, ""operations"": 3.53, ""gate"": ""RESEARCH"", ""reason"": ""supplier match/delivered quote not yet verified""}"
DK,architectural/kitchen hardware,"Venosa handle, matte brass",69.0,27.0,63.48,750.0,2.6,0.03,category/near-match only,https://www.kungreb.dk/da/kokkengreb/handtag-messing/,https://www.alibaba.com/countrysearch/CN/brass-handles-kitchen.html,67.18,RESEARCH,supplier match/delivered quote not yet verified,"{""target_price_local"": 63.48, ""expected_units_per_order"": 8.0, ""order_revenue_local"": 507.84, ""net_revenue_ex_vat"": 406.27, ""landed_cost_local"": 27.0, ""landed_cost_order_local"": 216.0, ""payment_fee_local"": 12.7, ""expected_returns_loss_local"": 10.66, ""support_allowance_local"": 7.62, ""pre_ad_contribution_local"": 159.29, ""expected_cpa_local"": 86.67, ""contribution_after_ads_local"": 72.63, ""break_even_cvr"": 0.01632, ""break_even_roas"": 3.188, ""expected_roas"": 5.86, ""contribution_margin_after_ads"": 0.143}","{""total"": 67.18, ""economics"": 21.13, ""demand"": 8.63, ""competition"": 11.74, ""merchandising"": 5.5, ""basket"": 9.0, ""localization"": 7.65, ""operations"": 3.53, ""gate"": ""RESEARCH"", ""reason"": ""supplier match/delivered quote not yet verified""}"
NO,rechargeable hospitality/table lighting,"Nielsen Light Bistro rechargeable table lamp, green",571.0,139.0,525.32,1350.0,6.28,0.026,category/near-match only,https://www.prisjakt.no/s/oppladbar-bordlampe/,https://www.alibaba.com/wholesale/cordless-table-lamps-rechargeable.html,66.63,COMPLIANCE_REVIEW,product category requires manual compliance evidence; supplier match/delivered quote not yet verified,"{""target_price_local"": 525.32, ""expected_units_per_order"": 1.5, ""order_revenue_local"": 787.98, ""net_revenue_ex_vat"": 630.38, ""landed_cost_local"": 139.0, ""landed_cost_order_local"": 208.5, ""payment_fee_local"": 19.7, ""expected_returns_loss_local"": 16.55, ""support_allowance_local"": 11.82, ""pre_ad_contribution_local"": 373.82, ""expected_cpa_local"": 241.54, ""contribution_after_ads_local"": 132.28, ""break_even_cvr"": 0.0168, ""break_even_roas"": 2.108, ""expected_roas"": 3.262, ""contribution_margin_after_ads"": 0.1679}","{""total"": 66.63, ""economics"": 20.84, ""demand"": 9.39, ""competition"": 11.74, ""merchandising"": 5.5, ""basket"": 8.75, ""localization"": 8.15, ""operations"": 2.26, ""gate"": ""COMPLIANCE_REVIEW"", ""reason"": ""product category requires manual compliance evidence; supplier match/delivered quote not yet verified""}"
NO,architectural/kitchen hardware,Beslag Design Profile 160mm brushed brass handle,104.0,42.0,95.68,650.0,4.1,0.03,category/near-match only,https://www.prisjakt.no/s/kjokken-handtak-borstet-messing/,https://www.alibaba.com/countrysearch/CN/brass-handles-kitchen.html,64.88,RESEARCH,supplier match/delivered quote not yet verified,"{""target_price_local"": 95.68, ""expected_units_per_order"": 8.0, ""order_revenue_local"": 765.44, ""net_revenue_ex_vat"": 612.35, ""landed_cost_local"": 42.0, ""landed_cost_order_local"": 336.0, ""payment_fee_local"": 19.14, ""expected_returns_loss_local"": 16.07, ""support_allowance_local"": 11.48, ""pre_ad_contribution_local"": 229.66, ""expected_cpa_local"": 136.67, ""contribution_after_ads_local"": 92.99, ""break_even_cvr"": 0.01785, ""break_even_roas"": 3.333, ""expected_roas"": 5.601, ""contribution_margin_after_ads"": 0.1215}","{""total"": 64.88, ""economics"": 18.52, ""demand"": 8.44, ""competition"": 11.74, ""merchandising"": 5.5, ""basket"": 9.0, ""localization"": 8.15, ""operations"": 3.53, ""gate"": ""RESEARCH"", ""reason"": ""supplier match/delivered quote not yet verified""}"
DK,rechargeable hospitality/table lighting,"IP54 rechargeable LED table lamp, white, touch dimmable",279.0,63.0,256.68,700.0,3.3600000000000003,0.026,category/near-match only,https://bord-lampe.dk/genopladelig/,https://www.alibaba.com/wholesale/cordless-table-lamps-rechargeable.html,64.03,COMPLIANCE_REVIEW,product category requires manual compliance evidence; supplier match/delivered quote not yet verified,"{""target_price_local"": 256.68, ""expected_units_per_order"": 1.5, ""order_revenue_local"": 385.02, ""net_revenue_ex_vat"": 308.02, ""landed_cost_local"": 63.0, ""landed_cost_order_local"": 94.5, ""payment_fee_local"": 9.63, ""expected_returns_loss_local"": 8.09, ""support_allowance_local"": 5.78, ""pre_ad_contribution_local"": 190.03, ""expected_cpa_local"": 129.23, ""contribution_after_ads_local"": 60.8, ""break_even_cvr"": 0.01768, ""break_even_roas"": 2.026, ""expected_roas"": 2.979, ""contribution_margin_after_ads"": 0.1579}","{""total"": 64.03, ""economics"": 19.6, ""demand"": 8.54, ""competition"": 11.74, ""merchandising"": 5.5, ""basket"": 8.75, ""localization"": 7.65, ""operations"": 2.26, ""gate"": ""COMPLIANCE_REVIEW"", ""reason"": ""product category requires manual compliance evidence; supplier match/delivered quote not yet verified""}"
DK,rechargeable hospitality/table lighting,House Nordic Wigan rechargeable table lamp,319.0,79.0,293.48,1100.0,3.68,0.026,category/near-match only,https://bord-lampe.dk/genopladelig/,https://www.alibaba.com/wholesale/cordless-table-lamps-rechargeable.html,63.89,COMPLIANCE_REVIEW,product category requires manual compliance evidence; supplier match/delivered quote not yet verified,"{""target_price_local"": 293.48, ""expected_units_per_order"": 1.5, ""order_revenue_local"": 440.22, ""net_revenue_ex_vat"": 352.18, ""landed_cost_local"": 79.0, ""landed_cost_order_local"": 118.5, ""payment_fee_local"": 11.01, ""expected_returns_loss_local"": 9.24, ""support_allowance_local"": 6.6, ""pre_ad_contribution_local"": 206.82, ""expected_cpa_local"": 141.54, ""contribution_after_ads_local"": 65.28, ""break_even_cvr"": 0.01779, ""break_even_roas"": 2.128, ""expected_roas"": 3.11, ""contribution_margin_after_ads"": 0.1483}","{""total"": 63.89, ""economics"": 18.86, ""demand"": 9.12, ""competition"": 11.74, ""merchandising"": 5.5, ""basket"": 8.75, ""localization"": 7.65, ""operations"": 2.26, ""gate"": ""COMPLIANCE_REVIEW"", ""reason"": ""product category requires manual compliance evidence; supplier match/delivered quote not yet verified""}"
NO,acoustic/slat wall panels,Fibrotech Quanti light oak acoustic panel,599.0,264.0,551.08,1150.0,6.6,0.024,category/near-match only,https://www.prisjakt.no/s/akustikkpanel/,https://www.alibaba.com/showroom/wood-slat-acoustic-wall-panels.html,60.7,RESEARCH,supplier match/delivered quote not yet verified,"{""target_price_local"": 551.08, ""expected_units_per_order"": 3.0, ""order_revenue_local"": 1653.24, ""net_revenue_ex_vat"": 1322.59, ""landed_cost_local"": 264.0, ""landed_cost_order_local"": 792.0, ""payment_fee_local"": 41.33, ""expected_returns_loss_local"": 34.72, ""support_allowance_local"": 24.8, ""pre_ad_contribution_local"": 429.74, ""expected_cpa_local"": 275.0, ""contribution_after_ads_local"": 154.74, ""break_even_cvr"": 0.01536, ""break_even_roas"": 3.847, ""expected_roas"": 6.012, ""contribution_margin_after_ads"": 0.0936}","{""total"": 60.7, ""economics"": 15.74, ""demand"": 9.18, ""competition"": 11.74, ""merchandising"": 5.5, ""basket"": 9.0, ""localization"": 8.15, ""operations"": 1.39, ""gate"": ""RESEARCH"", ""reason"": ""supplier match/delivered quote not yet verified""}"
DK,rechargeable hospitality/table lighting,"Nordlux Ellen rechargeable table lamp, green",319.0,87.0,293.48,1300.0,3.8400000000000003,0.026,category/near-match only,https://bord-lampe.dk/genopladelig/,https://www.alibaba.com/wholesale/cordless-table-lamps-rechargeable.html,60.22,COMPLIANCE_REVIEW,product category requires manual compliance evidence; supplier match/delivered quote not yet verified,"{""target_price_local"": 293.48, ""expected_units_per_order"": 1.5, ""order_revenue_local"": 440.22, ""net_revenue_ex_vat"": 352.18, ""landed_cost_local"": 87.0, ""landed_cost_order_local"": 130.5, ""payment_fee_local"": 11.01, ""expected_returns_loss_local"": 9.24, ""support_allowance_local"": 6.6, ""pre_ad_contribution_local"": 194.82, ""expected_cpa_local"": 147.69, ""contribution_after_ads_local"": 47.13, ""break_even_cvr"": 0.01971, ""break_even_roas"": 2.26, ""expected_roas"": 2.981, ""contribution_margin_after_ads"": 0.1071}","{""total"": 60.22, ""economics"": 14.98, ""demand"": 9.34, ""competition"": 11.74, ""merchandising"": 5.5, ""basket"": 8.75, ""localization"": 7.65, ""operations"": 2.26, ""gate"": ""COMPLIANCE_REVIEW"", ""reason"": ""product category requires manual compliance evidence; supplier match/delivered quote not yet verified""}"
DK,architectural/kitchen hardware,"Barga kitchen handle, matte brass",49.0,21.0,45.08,590.0,2.4000000000000004,0.03,category/near-match only,https://www.kungreb.dk/da/kokkengreb/handtag-messing/,https://www.alibaba.com/countrysearch/CN/brass-handles-kitchen.html,56.2,RESEARCH,supplier match/delivered quote not yet verified,"{""target_price_local"": 45.08, ""expected_units_per_order"": 8.0, ""order_revenue_local"": 360.64, ""net_revenue_ex_vat"": 288.51, ""landed_cost_local"": 21.0, ""landed_cost_order_local"": 168.0, ""payment_fee_local"": 9.02, ""expected_returns_loss_local"": 7.57, ""support_allowance_local"": 5.41, ""pre_ad_contribution_local"": 98.51, ""expected_cpa_local"": 80.0, ""contribution_after_ads_local"": 18.51, ""break_even_cvr"": 0.02436, ""break_even_roas"": 3.661, ""expected_roas"": 4.508, ""contribution_margin_after_ads"": 0.0513}","{""total"": 56.2, ""economics"": 10.46, ""demand"": 8.31, ""competition"": 11.74, ""merchandising"": 5.5, ""basket"": 9.0, ""localization"": 7.65, ""operations"": 3.53, ""gate"": ""RESEARCH"", ""reason"": ""supplier match/delivered quote not yet verified""}"
DK,rechargeable hospitality/table lighting,"Nielsen Light Move Me rechargeable lamp, light grey",299.0,91.0,275.08,1400.0,3.92,0.026,category/near-match only,https://bord-lampe.dk/genopladelig/,https://www.alibaba.com/wholesale/cordless-table-lamps-rechargeable.html,54.41,COMPLIANCE_REVIEW,product category requires manual compliance evidence; supplier match/delivered quote not yet verified,"{""target_price_local"": 275.08, ""expected_units_per_order"": 1.5, ""order_revenue_local"": 412.62, ""net_revenue_ex_vat"": 330.1, ""landed_cost_local"": 91.0, ""landed_cost_order_local"": 136.5, ""payment_fee_local"": 10.32, ""expected_returns_loss_local"": 8.67, ""support_allowance_local"": 6.19, ""pre_ad_contribution_local"": 168.43, ""expected_cpa_local"": 150.77, ""contribution_after_ads_local"": 17.66, ""break_even_cvr"": 0.02327, ""break_even_roas"": 2.45, ""expected_roas"": 2.737, ""contribution_margin_after_ads"": 0.0428}","{""total"": 54.41, ""economics"": 9.07, ""demand"": 9.44, ""competition"": 11.74, ""merchandising"": 5.5, ""basket"": 8.75, ""localization"": 7.65, ""operations"": 2.26, ""gate"": ""COMPLIANCE_REVIEW"", ""reason"": ""product category requires manual compliance evidence; supplier match/delivered quote not yet verified""}"
NO,architectural/kitchen hardware,Beslagsboden B54 antique brass drawer handle 96mm,37.0,46.0,34.04,720.0,4.22,0.03,category/near-match only,https://www.prisjakt.no/s/kjokken-handtak-borstet-messing/,https://www.alibaba.com/countrysearch/CN/brass-handles-kitchen.html,51.74,REJECT,negative pre-ad contribution; negative contribution at current CPC/CVR assumptions; supplier match/delivered quote not yet verified,"{""target_price_local"": 34.04, ""expected_units_per_order"": 8.0, ""order_revenue_local"": 272.32, ""net_revenue_ex_vat"": 217.86, ""landed_cost_local"": 46.0, ""landed_cost_order_local"": 368.0, ""payment_fee_local"": 6.81, ""expected_returns_loss_local"": 5.72, ""support_allowance_local"": 4.08, ""pre_ad_contribution_local"": -166.76, ""expected_cpa_local"": 140.67, ""contribution_after_ads_local"": -307.42, ""break_even_cvr"": 0.0, ""break_even_roas"": Infinity, ""expected_roas"": 1.936, ""contribution_margin_after_ads"": -1.1289}","{""total"": 51.74, ""economics"": 5.25, ""demand"": 8.57, ""competition"": 11.74, ""merchandising"": 5.5, ""basket"": 9.0, ""localization"": 8.15, ""operations"": 3.53, ""gate"": ""REJECT"", ""reason"": ""negative pre-ad contribution; negative contribution at current CPC/CVR assumptions; supplier match/delivered quote not yet verified""}"
NO,acoustic/slat wall panels,Fibrotech Square light oak acoustic panel 2-pack,399.0,300.0,367.08,1450.0,7.0,0.024,category/near-match only,https://www.prisjakt.no/s/akustikkpanel/,https://www.alibaba.com/showroom/wood-slat-acoustic-wall-panels.html,50.51,REJECT,negative pre-ad contribution; negative contribution at current CPC/CVR assumptions; supplier match/delivered quote not yet verified,"{""target_price_local"": 367.08, ""expected_units_per_order"": 3.0, ""order_revenue_local"": 1101.24, ""net_revenue_ex_vat"": 880.99, ""landed_cost_local"": 300.0, ""landed_cost_order_local"": 900.0, ""payment_fee_local"": 27.53, ""expected_returns_loss_local"": 23.13, ""support_allowance_local"": 16.52, ""pre_ad_contribution_local"": -86.18, ""expected_cpa_local"": 291.67, ""contribution_after_ads_local"": -377.85, ""break_even_cvr"": 0.0, ""break_even_roas"": Infinity, ""expected_roas"": 3.776, ""contribution_margin_after_ads"": -0.3431}","{""total"": 50.51, ""economics"": 5.25, ""demand"": 9.48, ""competition"": 11.74, ""merchandising"": 5.5, ""basket"": 9.0, ""localization"": 8.15, ""operations"": 1.39, ""gate"": ""REJECT"", ""reason"": ""negative pre-ad contribution; negative contribution at current CPC/CVR assumptions; supplier match/delivered quote not yet verified""}"
NO,acoustic/slat wall panels,Fibrotech Square black oak acoustic panel 2-pack,400.0,282.0,368.0,1300.0,6.8,0.024,category/near-match only,https://www.prisjakt.no/s/akustikkpanel/,https://www.alibaba.com/showroom/wood-slat-acoustic-wall-panels.html,50.37,REJECT,negative pre-ad contribution; negative contribution at current CPC/CVR assumptions; supplier match/delivered quote not yet verified,"{""target_price_local"": 368.0, ""expected_units_per_order"": 3.0, ""order_revenue_local"": 1104.0, ""net_revenue_ex_vat"": 883.2, ""landed_cost_local"": 282.0, ""landed_cost_order_local"": 846.0, ""payment_fee_local"": 27.6, ""expected_returns_loss_local"": 23.18, ""support_allowance_local"": 16.56, ""pre_ad_contribution_local"": -30.14, ""expected_cpa_local"": 283.33, ""contribution_after_ads_local"": -313.48, ""break_even_cvr"": 0.0, ""break_even_roas"": Infinity, ""expected_roas"": 3.896, ""contribution_margin_after_ads"": -0.2839}","{""total"": 50.37, ""economics"": 5.25, ""demand"": 9.34, ""competition"": 11.74, ""merchandising"": 5.5, ""basket"": 9.0, ""localization"": 8.15, ""operations"": 1.39, ""gate"": ""REJECT"", ""reason"": ""negative pre-ad contribution; negative contribution at current CPC/CVR assumptions; supplier match/delivered quote not yet verified""}"
DK,rechargeable hospitality/table lighting,"Veli Line Shine rechargeable table lamp, green",109.0,75.0,100.28,1000.0,3.6,0.026,category/near-match only,https://bord-lampe.dk/genopladelig/,https://www.alibaba.com/wholesale/cordless-table-lamps-rechargeable.html,50.15,REJECT,negative pre-ad contribution; negative contribution at current CPC/CVR assumptions; product category requires manual compliance evidence; supplier match/delivered quote not yet verified,"{""target_price_local"": 100.28, ""expected_units_per_order"": 1.5, ""order_revenue_local"": 150.42, ""net_revenue_ex_vat"": 120.34, ""landed_cost_local"": 75.0, ""landed_cost_order_local"": 112.5, ""payment_fee_local"": 3.76, ""expected_returns_loss_local"": 3.16, ""support_allowance_local"": 2.26, ""pre_ad_contribution_local"": -1.34, ""expected_cpa_local"": 138.46, ""contribution_after_ads_local"": -139.8, ""break_even_cvr"": 0.0, ""break_even_roas"": Infinity, ""expected_roas"": 1.086, ""contribution_margin_after_ads"": -0.9294}","{""total"": 50.15, ""economics"": 5.25, ""demand"": 9.0, ""competition"": 11.74, ""merchandising"": 5.5, ""basket"": 8.75, ""localization"": 7.65, ""operations"": 2.26, ""gate"": ""REJECT"", ""reason"": ""negative pre-ad contribution; negative contribution at current CPC/CVR assumptions; product category requires manual compliance evidence; supplier match/delivered quote not yet verified""}"
NO,architectural/kitchen hardware,Beslag Design Bror 160 brushed brass handle,66.0,30.0,60.72,440.0,3.74,0.03,category/near-match only,https://www.prisjakt.no/s/kjokken-handtak-borstet-messing/,https://www.alibaba.com/countrysearch/CN/brass-handles-kitchen.html,49.97,RESEARCH,negative contribution at current CPC/CVR assumptions; supplier match/delivered quote not yet verified,"{""target_price_local"": 60.72, ""expected_units_per_order"": 8.0, ""order_revenue_local"": 485.76, ""net_revenue_ex_vat"": 388.61, ""landed_cost_local"": 30.0, ""landed_cost_order_local"": 240.0, ""payment_fee_local"": 12.14, ""expected_returns_loss_local"": 10.2, ""support_allowance_local"": 7.29, ""pre_ad_contribution_local"": 118.98, ""expected_cpa_local"": 124.67, ""contribution_after_ads_local"": -5.69, ""break_even_cvr"": 0.03143, ""break_even_roas"": 4.083, ""expected_roas"": 3.896, ""contribution_margin_after_ads"": -0.0117}","{""total"": 49.97, ""economics"": 4.11, ""demand"": 7.93, ""competition"": 11.74, ""merchandising"": 5.5, ""basket"": 9.0, ""localization"": 8.15, ""operations"": 3.53, ""gate"": ""RESEARCH"", ""reason"": ""negative contribution at current CPC/CVR assumptions; supplier match/delivered quote not yet verified""}"
NO,architectural/kitchen hardware,Beslag Design Profile 40mm brushed brass handle,53.0,34.0,48.76,510.0,3.86,0.03,category/near-match only,https://www.prisjakt.no/s/kjokken-handtak-borstet-messing/,https://www.alibaba.com/countrysearch/CN/brass-handles-kitchen.html,46.05,RESEARCH,negative contribution at current CPC/CVR assumptions; requires >4% break-even CVR; supplier match/delivered quote not yet verified,"{""target_price_local"": 48.76, ""expected_units_per_order"": 8.0, ""order_revenue_local"": 390.08, ""net_revenue_ex_vat"": 312.06, ""landed_cost_local"": 34.0, ""landed_cost_order_local"": 272.0, ""payment_fee_local"": 9.75, ""expected_returns_loss_local"": 8.19, ""support_allowance_local"": 5.85, ""pre_ad_contribution_local"": 16.27, ""expected_cpa_local"": 128.67, ""contribution_after_ads_local"": -112.4, ""break_even_cvr"": 0.23726, ""break_even_roas"": 23.977, ""expected_roas"": 3.032, ""contribution_margin_after_ads"": -0.2881}","{""total"": 46.05, ""economics"": 0.0, ""demand"": 8.12, ""competition"": 11.74, ""merchandising"": 5.5, ""basket"": 9.0, ""localization"": 8.15, ""operations"": 3.53, ""gate"": ""RESEARCH"", ""reason"": ""negative contribution at current CPC/CVR assumptions; requires >4% break-even CVR; supplier match/delivered quote not yet verified""}"
DK,rechargeable hospitality/table lighting,"1W rechargeable LED table lamp, French Gold",235.0,103.0,216.2,1700.0,4.16,0.026,category/near-match only,https://bord-lampe.dk/genopladelig/,https://www.alibaba.com/wholesale/cordless-table-lamps-rechargeable.html,45.59,COMPLIANCE_REVIEW,negative contribution at current CPC/CVR assumptions; requires >4% break-even CVR; product category requires manual compliance evidence; supplier match/delivered quote not yet verified,"{""target_price_local"": 216.2, ""expected_units_per_order"": 1.5, ""order_revenue_local"": 324.3, ""net_revenue_ex_vat"": 259.44, ""landed_cost_local"": 103.0, ""landed_cost_order_local"": 154.5, ""payment_fee_local"": 8.11, ""expected_returns_loss_local"": 6.81, ""support_allowance_local"": 4.86, ""pre_ad_contribution_local"": 85.16, ""expected_cpa_local"": 160.0, ""contribution_after_ads_local"": -74.84, ""break_even_cvr"": 0.04885, ""break_even_roas"": 3.808, ""expected_roas"": 2.027, ""contribution_margin_after_ads"": -0.2308}","{""total"": 45.59, ""economics"": 0.0, ""demand"": 9.69, ""competition"": 11.74, ""merchandising"": 5.5, ""basket"": 8.75, ""localization"": 7.65, ""operations"": 2.26, ""gate"": ""COMPLIANCE_REVIEW"", ""reason"": ""negative contribution at current CPC/CVR assumptions; requires >4% break-even CVR; product category requires manual compliance evidence; supplier match/delivered quote not yet verified""}"
DK,rechargeable hospitality/table lighting,"Nielsen Light Nyhavn rechargeable table lamp, red",169.0,99.0,155.48,1600.0,4.08,0.026,category/near-match only,https://bord-lampe.dk/genopladelig/,https://www.alibaba.com/wholesale/cordless-table-lamps-rechargeable.html,45.51,COMPLIANCE_REVIEW,negative contribution at current CPC/CVR assumptions; requires >4% break-even CVR; product category requires manual compliance evidence; supplier match/delivered quote not yet verified,"{""target_price_local"": 155.48, ""expected_units_per_order"": 1.5, ""order_revenue_local"": 233.22, ""net_revenue_ex_vat"": 186.58, ""landed_cost_local"": 99.0, ""landed_cost_order_local"": 148.5, ""payment_fee_local"": 5.83, ""expected_returns_loss_local"": 4.9, ""support_allowance_local"": 3.5, ""pre_ad_contribution_local"": 23.85, ""expected_cpa_local"": 156.92, ""contribution_after_ads_local"": -133.07, ""break_even_cvr"": 0.17107, ""break_even_roas"": 9.779, ""expected_roas"": 1.486, ""contribution_margin_after_ads"": -0.5706}","{""total"": 45.51, ""economics"": 0.0, ""demand"": 9.61, ""competition"": 11.74, ""merchandising"": 5.5, ""basket"": 8.75, ""localization"": 7.65, ""operations"": 2.26, ""gate"": ""COMPLIANCE_REVIEW"", ""reason"": ""negative contribution at current CPC/CVR assumptions; requires >4% break-even CVR; product category requires manual compliance evidence; supplier match/delivered quote not yet verified""}"
DK,rechargeable hospitality/table lighting,"Nielsen Light Bistro rechargeable table lamp, purple",254.0,95.0,233.68,1500.0,4.0,0.026,category/near-match only,https://bord-lampe.dk/genopladelig/,https://www.alibaba.com/wholesale/cordless-table-lamps-rechargeable.html,45.48,COMPLIANCE_REVIEW,negative contribution at current CPC/CVR assumptions; product category requires manual compliance evidence; supplier match/delivered quote not yet verified,"{""target_price_local"": 233.68, ""expected_units_per_order"": 1.5, ""order_revenue_local"": 350.52, ""net_revenue_ex_vat"": 280.42, ""landed_cost_local"": 95.0, ""landed_cost_order_local"": 142.5, ""payment_fee_local"": 8.76, ""expected_returns_loss_local"": 7.36, ""support_allowance_local"": 5.26, ""pre_ad_contribution_local"": 116.53, ""expected_cpa_local"": 153.85, ""contribution_after_ads_local"": -37.31, ""break_even_cvr"": 0.03432, ""break_even_roas"": 3.008, ""expected_roas"": 2.278, ""contribution_margin_after_ads"": -0.1064}","{""total"": 45.48, ""economics"": 0.05, ""demand"": 9.53, ""competition"": 11.74, ""merchandising"": 5.5, ""basket"": 8.75, ""localization"": 7.65, ""operations"": 2.26, ""gate"": ""COMPLIANCE_REVIEW"", ""reason"": ""negative contribution at current CPC/CVR assumptions; product category requires manual compliance evidence; supplier match/delivered quote not yet verified""}"
DK,restaurant/hospitality display hardware,A7 wooden menu/info holder,59.0,40.0,54.28,270.0,2.25,0.028,category/near-match only,https://displayshop.dk/shop/menu-info-holder-a6-53c1.html,https://www.alibaba.com/wholesale/acrylic-menu-stand.html,45.43,RESEARCH,negative contribution at current CPC/CVR assumptions; requires >4% break-even CVR; supplier match/delivered quote not yet verified,"{""target_price_local"": 54.28, ""expected_units_per_order"": 4.0, ""order_revenue_local"": 217.12, ""net_revenue_ex_vat"": 173.7, ""landed_cost_local"": 40.0, ""landed_cost_order_local"": 160.0, ""payment_fee_local"": 5.43, ""expected_returns_loss_local"": 4.56, ""support_allowance_local"": 3.26, ""pre_ad_contribution_local"": 0.45, ""expected_cpa_local"": 80.36, ""contribution_after_ads_local"": -79.91, ""break_even_cvr"": 4.9814, ""break_even_roas"": 480.694, ""expected_roas"": 2.702, ""contribution_margin_after_ads"": -0.368}","{""total"": 45.43, ""economics"": 0.0, ""demand"": 7.29, ""competition"": 11.74, ""merchandising"": 5.5, ""basket"": 9.75, ""localization"": 7.65, ""operations"": 3.5, ""gate"": ""RESEARCH"", ""reason"": ""negative contribution at current CPC/CVR assumptions; requires >4% break-even CVR; supplier match/delivered quote not yet verified""}"
NO,rechargeable hospitality/table lighting,Timo rechargeable outdoor table lamp,150.0,85.0,138.0,450.0,5.2,0.026,category/near-match only,https://www.prisjakt.no/s/oppladbar-bordlampe/,https://www.alibaba.com/wholesale/cordless-table-lamps-rechargeable.html,44.36,COMPLIANCE_REVIEW,negative contribution at current CPC/CVR assumptions; requires >4% break-even CVR; product category requires manual compliance evidence; supplier match/delivered quote not yet verified,"{""target_price_local"": 138.0, ""expected_units_per_order"": 1.5, ""order_revenue_local"": 207.0, ""net_revenue_ex_vat"": 165.6, ""landed_cost_local"": 85.0, ""landed_cost_order_local"": 127.5, ""payment_fee_local"": 5.18, ""expected_returns_loss_local"": 4.35, ""support_allowance_local"": 3.1, ""pre_ad_contribution_local"": 25.47, ""expected_cpa_local"": 200.0, ""contribution_after_ads_local"": -174.53, ""break_even_cvr"": 0.20414, ""break_even_roas"": 8.126, ""expected_roas"": 1.035, ""contribution_margin_after_ads"": -0.8431}","{""total"": 44.36, ""economics"": 0.0, ""demand"": 7.96, ""competition"": 11.74, ""merchandising"": 5.5, ""basket"": 8.75, ""localization"": 8.15, ""operations"": 2.26, ""gate"": ""COMPLIANCE_REVIEW"", ""reason"": ""negative contribution at current CPC/CVR assumptions; requires >4% break-even CVR; product category requires manual compliance evidence; supplier match/delivered quote not yet verified""}"
