date,community,thread,signal,use,evidence_quality,url
2026-07-21,r/dropshipping,Romas / Google Ads discussion,Commodity markup is exposed in Shopping comparison; trust/value proposition and competitive pricing matter.,Critical counter-evidence,Medium,https://www.reddit.com/r/dropshipping/comments/1v2adiv/should_i_use_google_ads_and_are_they_worth_it/
2026-05-17,r/dropshipping,"$2,184 day with Google Shopping","Feed titles, winner segmentation, landing pages, higher AOV, gradual scaling; most products fail.",Supports core model,Low-medium,https://www.reddit.com/r/dropshipping/comments/1tfpscw/day_26_2184_revenue_yesterday_with_google/
2025-10-04,r/dropshipping,French Q4 Google Shopping case,"Seasonal uptrends, €50/day start, PMax, 20% scale steps after higher spend.",Q4 localization case,Low-medium,https://www.reddit.com/r/dropshipping/comments/1nxqdl6/
2026-07-23,r/DropshippingTips,Q4 preparation,Test before costs spike; improve checkout; owned channels; supplier readiness.,Timing/ops,Medium,https://www.reddit.com/r/DropshippingTips/comments/1v411wu/q4_is_closer_than_you_think_what_are_you_doing/
2026-08-31,r/GoogleAdsDiscussion,Google Shopping dropshipping,"Product selection, shipping, return policy and price repeatedly called out.",Current sentiment,Low-medium,https://www.reddit.com/r/GoogleAdsDiscussion/comments/1w3bzou/dropshipping_google_shopping_ads/
2026-06-16,r/shopifyDev,Merchant Center suspension audit,"Feed/site mismatches, vague shipping and return-policy inconsistency are common suspension factors.",Compliance,Medium,https://www.reddit.com/r/shopifyDev/comments/1u78iu2/common_reasons_shopify_dropshipping_stores_get/
2025-06-09,r/dropship,Google vs Facebook results,Search intent stronger for products already wanted; CPC can be brutal; margins matter.,Channel comparison,Medium,https://www.reddit.com/r/dropship/comments/1l737lp/google_vs_facebook_ads_for_dropshipping_my_honest_results_after_burning/
2025-10-28,r/PPC,Feed changes doubled CTR,"Lifestyle images, platform titles, attributes and seasonal labels improved CTR in self-report.",Feed optimization,Low-medium,https://www.reddit.com/r/PPC/comments/1oi6uy2/product_feed_changes_that_doubled_our/
2026-08-18,r/dropshipping,Halloween Google Shopping beginner,Hard shipping cutoffs and GMC risk highlighted for seasonal stores.,Seasonal risk,Low-medium,https://www.reddit.com/r/dropshipping/comments/1vrtnzd/first_dropshipping_store_in_the_halloween_niche/
