type,title,date,url,signal,quality
User source,Transcript supplied by user,,,Core thesis: validated products + underserved Google search/Shopping markets + higher AOV + large catalogs + PMax.,Primary claim source; commercial claims unverified
Official,Google Merchant Center product data specification,current,https://support.google.com/merchants/answer/7052112,"Accurate product data, availability, price, shipping and attributes are foundational; mismatches can disapprove products.",Very high
Official,Google Merchant Center 2026 product data specification update,2026-04-14,https://support.google.com/merchants/answer/16989427,2026 adds richer shipping/loyalty fields and continues feed-quality emphasis.,Very high
Official,Google Ads: About Performance Max campaigns,current,https://support.google.com/google-ads/answer/10724817,Merchant-feed advertisers can launch PMax without manual creative assets; feed-only/shopping-only setup is officially documented.,Very high
Official,Google Ads: PMax controls / brand exclusions / negative keywords,current,https://support.google.com/google-ads/answer/14587068,"PMax supports campaign-level negatives and brand exclusions, improving control versus older black-box versions.",Very high
Official,Google Merchant Center misrepresentation policy,current,https://support.google.com/merchants/answer/12079606,"Merchant must be truthful, transparent and consistent; egregious violations can suspend the account.",Very high
Official,Google Merchant Center free listings,current,https://support.google.com/merchants/answer/13889434,"Approved products can appear free across Search, Shopping, Images, Lens, YouTube, Gemini and more.",Very high
Official,Google Ads demand forecasts,current,https://support.google.com/google-ads/answer/10787044,"Google exposes predicted search-demand trends up to 180 days ahead, useful for Q4 candidate discovery.",Very high
Official,Google holiday marketing AI playbook,2026-08,https://business.google.com/us/accelerate/resources/articles/holiday-marketing-ai-playbook/,"Google describes Q4 2026 as the first AI-powered holiday season and recommends rich feeds, strong measurement and AI campaigns.",Very high
Official,Google: Get your product data holiday ready,2026-08,https://business.google.com/us/accelerate/podcasts/get-your-product-data-holiday-ready-on-google-merchant-center/,"New conversational attributes, 1500x1500+ imagery, 3+ angles, short video, accurate shipping/returns and feed health are recommended.",Very high
Official,Google conversational attributes,2026,https://business.google.com/us/accelerate/announcements/conversational-attributes/,New Merchant Center attributes are designed to improve discovery in AI Mode and detailed conversational shopping.,Very high
Official,Google Commerce Four,2026,https://business.google.com/us/accelerate/resources/articles/do-the-commerce-four-to-drive-sales/,"Feed enrichment, shipping, ratings and rich imagery are positioned as core to discovery across new agentic commerce surfaces.",Very high
Official,Google AI Max for Shopping,2026,https://business.google.com/us/accelerate/announcements/ai-max-for-shopping-campaigns/,AI Max for Shopping targets conversational long-tail intent using Merchant Center feeds.,Very high
Official,Google Shopping multi-country setup,current,https://support.google.com/merchants/answer/15404838,A product source can target multiple countries; localized feeds/languages/currencies are supported.,Very high
Official,Google supported languages/currencies,current,https://support.google.com/merchants/answer/160637,Localized landing pages and product feeds can target many smaller markets in local language/currency.,Very high
Official,Google Comparison Shopping Services,current,https://support.google.com/merchants/answer/12653197,CSS is part of Shopping participation in UK/EEA markets and merchants can compare providers/models.,Very high
Official,Microsoft Shopping campaigns,current,https://help.ads.microsoft.com/apex/index/3/en/50903,Google Shopping campaigns can be imported into Microsoft Advertising.,Very high
Official,Microsoft Merchant Center Google import,current,https://help.ads.microsoft.com/apex/index/3/en/56870,Google Merchant Center offers can be imported/synced to Microsoft Merchant Center.,Very high
Official,Microsoft 2026 holiday shopper trends,2026-09-03,https://about.ads.microsoft.com/en/blog/post/september-2026/winning-the-2026-holiday-shopper-6-global-trends-advertisers-need-to-know,AI usage in holiday planning is high; inspiration/custom-gifting queries have roughly tripled YoY; shoppers remain open to new brands.,High
Official,Shopify 2025 BFCM results,2025-12-02,https://www.shopify.com/news/bfcm-data-2025,"Shopify merchants generated $14.6B over BFCM 2025, +27% YoY; average cart $114.70; US/UK/Australia/Germany/Canada led.",High
Official/Company,Shopify BFCM founder strategies,2025-10-30,https://www.shopify.com/blog/black-friday-cyber-monday-winning-strategies-for-2025,"Successful founders emphasize starting earlier, clear communications, inventory preparation and customer experience.",High
Official/Company,Google Holiday 100 2025,2025-11-03,https://blog.google/products-and-platforms/products/shopping-payments/holiday-100-2025/,"Recent gift-search breakouts included projectors, kids scooters, crescent bags, stackable rings, packing cubes, styling wands, red-light therapy, weighted vests and stretching straps.",High historical demand signal
Company filing,Etsy 2025 annual report,2026-02-19,https://investors.etsy.com/sec-filings/all-sec-filings/content/0001370637-26-000019/etsy-20251231.htm,Custom or made-to-order represented about 30% of Etsy marketplace GMS; gifting/personal milestones remain strategic focus.,Very high
Operator,Arthur & Bryan: Google Ads dropshipping at scale,2026-03-19,https://www.youtube.com/watch?v=jnhurQxO0bg,"Self-reported $500k ad spend / $1.4m sales; emphasizes feed optimization, winner segmentation, PMax vs Standard Shopping, negatives and ~20% scaling increments.",Medium; operator self-report
Operator,Arthur & Bryan Q&A 2026,2026-04-23,https://www.youtube.com/watch?v=VUePfqRla2I,"Claims 200-300 products can beat 1000+ after a March update; stresses real margins, supplier negotiation, cashflow and product-category selection.",Medium; operator self-report
Operator,Ecommerce Paradise high-ticket Google Shopping guide,2026-06,https://ecommerceparadise.com/google-shopping-ads-setup-for-high-ticket-dropshipping-complete-guide-2026/,"High-ticket demand capture, feed-only PMax, feed optimization, search-term audits, smart bidding progression and conversion optimization.",Medium; commercial operator
Operator,Dropship Breakthru Google Ads guide,2026,https://dropshipbreakthru.com/google-ads-dropshipping/,Positions Google Shopping as longstanding strong channel for high-ticket/branded demand capture rather than a new loophole.,Medium; commercial operator
Reddit,Romas Ecom / Google Ads validity discussion,2026-07-21,https://www.reddit.com/r/dropshipping/comments/1v2adiv/should_i_use_google_ads_and_are_they_worth_it/,"High-signal criticism: generic AliExpress arbitrage is exposed in Shopping grids; value proposition, trust and competitive price matter.",Medium anecdotal
Reddit,"Day 26 - $2,184 revenue with Google Shopping",2026-05-17,https://www.reddit.com/r/dropshipping/comments/1tfpscw/day_26_2184_revenue_yesterday_with_google/,"Poster credits title/feed matching, separating winners, landing pages, higher AOV and controlled scaling; notes most products fail.",Low-medium anecdotal/self-report
Reddit,French Q4 Google Shopping case study,2025-10-04,https://www.reddit.com/r/dropshipping/comments/1nxqdl6/,"Self-reported €495k Q4 sales; seasonal uptrends, €50/day start, PMax and 20% scaling cadence.",Low-medium anecdotal/self-report
Reddit,Q4 preparation thread,2026-07-23,https://www.reddit.com/r/DropshippingTips/comments/1v411wu/q4_is_closer_than_you_think_what_are_you_doing/,"Operator advice: test before ad costs spike, improve checkout, build owned channels and strengthen supplier relationships early.",Medium anecdotal
Reddit,Recent Google Shopping dropshipping discussion,2026-08-31,https://www.reddit.com/r/GoogleAdsDiscussion/comments/1w3bzou/dropshipping_google_shopping_ads/,"Recent comments emphasize product selection, shipping time, return policy, price, search-term exclusions and small controlled starts.",Low-medium anecdotal
Official,UK online/distance selling rules,current,https://www.gov.uk/online-and-distance-selling-for-businesses,"Online sellers must disclose business/contact information, total price, delivery arrangements and other required pre-contract information.",Very high
Official,UK VAT for overseas sellers / direct-to-customer online sales,2026-01-30 update,https://www.gov.uk/government/collections/selling-goods-using-an-online-marketplace-or-direct-to-customers-in-the-uk,VAT treatment depends on seller/goods location and sales route; direct UK taxable sales can create registration/accounting obligations.,Very high
