rank,opportunity,type,suggested_price,best_channel,evidence_grade,thesis,source_ids,demand,ai_leverage,margin,giftability,competition_advantage,value_anchor,score
1,Renovation quote normalizer / pre-flight pack,Decision,$29–$79,Google Ads / DTC,A,Renovation spreadsheets show 11k+ reviews despite being simple; attach $49 purchase to $20k–$100k project.,S18,10,9,10,5,9,10,8.9
2,Wedding venue/vendor comparison report,Decision,$19–$59,Google / Etsy / DTC,A,Venue comparison sheets show 6k+ reviews; personalized document ingestion raises value far above spreadsheet.,S19,10,9,10,6,8,9,8.8
3,Golf Break-90 / Break-80 personalized plan,Hobby,$19–$59,Google / Etsy / DTC,A-,Only ~107 practice planner items surfaced; golfers spend heavily and current products are mostly static planners.,S22,8,10,10,7,10,7,8.75
4,Relationship mini-comic book,Gift,$39–$149,Etsy / DTC,A,Custom 30-page comic already sells at premium pricing; AI collapses illustration + layout cost.,S14,9,10,9,10,8,4,8.7
5,Kitchen/bathroom quote auditor,Decision,$29–$79,Google Ads / DTC,A-,Narrower high-intent version of proven renovation category; easier SEO/ad creative than generic renovation.,S18,9,9,10,4,10,10,8.65
6,Instant family memoir / 'Life in 30 stories',Gift,$49–$129,DTC / Etsy,A,Storyworth and Remento validate $59–$199 memory-preservation gifts; AI can compress months into one session.,"S24,S25",9,9,9,10,8,5,8.6
7,New-home intelligence binder / homeowner operating manual,Decision,$19–$59,Etsy / DTC / B2B realtor,B+,Home-buying adjacency + realtor gift angle; use property details to generate maintenance/calendar/document system.,S18,8,9,10,7,9,9,8.6
8,Moving-abroad personalized blueprint,Decision,$29–$79,Google Ads / Etsy / DTC,A-,Only ~230 Etsy items surfaced and a $49.95 digital planner exists; expensive move + high uncertainty = strong anchor.,S21,8,9,10,5,10,10,8.55
9,Personalized custom song — AI-assisted tier,Gift,$19–$59,Etsy / DTC,A,Etsy custom-song listings show thousands of reviews; Songfinch starts at $179.99 for human artists.,"S13,S28",9,10,10,10,7,2,8.5
10,Private crossword about the recipient,Gift,$9–$29,Etsy / DTC,A,Existing shops prove buyers value bespoke clues and easy questionnaires; creation can be near-instant.,S15,8,10,10,10,9,1,8.45
11,RV setup/departure command-card system,Hobby,$9–$39,Etsy / DTC / POD,A-,Only hundreds of digital listings; $9.99 command-card products and hundreds of reviews validate checklist buying.,S23,8,9,10,8,9,6,8.45
12,Recipient-specific trivia night / party pack,Gift,$9–$29,Etsy / DTC,B+,"Crossword demand validates personalized puzzle gifting; extend same engine into quiz rounds, bingo, scavenger hunt and cards.",S15,8,10,10,10,9,1,8.45
13,Milestone roast newspaper / magazine,Gift,$9–$39,Etsy / DTC / POD,A,"5,000+ Etsy results and high-review birthday newspaper products prove demand; AI can personalize every story.",S12,9,10,10,10,7,1,8.4
14,Pet adventure storybook,Gift,$19–$49 digital; $39–$79 print,Etsy / DTC / POD,A-,Pet portraits have strong proven demand; personalized book format adds more perceived effort/value.,"S11,S26",9,10,9,10,8,1,8.4
15,Christmas family yearbook from camera roll,Q4 Gift,$29–$89,DTC / POD,B+,Memory-book demand plus holiday storytelling trend; camera-roll ingestion removes labor.,"S24,S25,S32",9,10,9,10,8,1,8.4
16,AI card + QR-linked digital gift,Q4 Gift,$5–$29,DTC / POD,A-,Huge card market + accessible POD; differentiation comes from bundled digital experience rather than card design alone.,"S1,S5,S6",9,10,9,10,8,1,8.4
17,New-puppy 30-day household plan,Gift/Decision,$12–$39,Google / Etsy / DTC,B+,"Pet personalization is proven; giftable to new owners and can tailor routine, home, breed, family constraints.",S11,8,9,10,9,8,5,8.35
18,Honeymoon / luxury-trip bespoke playbook,Gift/Decision,$29–$99,Google / DTC,B,Travel is expensive and emotionally loaded; personalized itinerary becomes both decision aid and gift artifact.,S31,7,9,10,8,8,9,8.35
19,Grandparent interview → book in one afternoon,Gift,$49–$99,DTC,A,Remento/Storyworth directly validate story capture + printed keepsake; faster turnaround is the wedge.,"S24,S25",9,9,9,10,8,2,8.3
20,Airbnb guest-experience generator,Decision/B2B,$29–$99 per property,Etsy / DTC / B2B,A,Airbnb templates and P&L tools show 7.9k–12.4k reviews; AI can convert listing/property data into complete guest collateral.,S20,10,10,10,3,7,8,8.3
21,Home golf-simulator build plan,Decision/Hobby,$39–$99,Google Ads / DTC,B,Combines wealthy golfer niche with a multi-thousand-dollar build decision; AI can turn room dimensions/budget into bill of materials.,S22,7,9,10,5,10,10,8.3
22,Collaborative birthday/retirement '100 memories' book,Gift,$39–$99,DTC / B2B,A-,"Storyworth Celebrations validates multi-contributor keepsake books; AI can chase, edit and lay out submissions automatically.",S24,9,9,9,10,8,2,8.3
23,Classic-car restoration project binder,Hobby/Decision,$29–$79,Google / Etsy / DTC,B,"High-spend hobby with many fragmented decisions; can personalize by vehicle, budget and desired finish.",S18,6,9,10,7,10,9,8.25
24,Pet memorial story + portrait book,Gift,$24–$69,Etsy / DTC / POD,A-,Pet memorial and pet portrait categories show strong purchasing; emotional permanence supports premium pricing.,S11,9,9,9,10,8,1,8.2
25,Retirement tribute book from colleagues,Gift,$29–$99,DTC / B2B / Etsy,B+,Collaborative keepsake pattern validated by Storyworth Celebrations; retirement gifts are high-emotion group purchases.,S24,8,9,9,10,9,2,8.2
26,Interactive Secret Santa dossier / mini game,Q4 Gift,$7–$19,DTC / Etsy,B,"Low ticket, social, instant and giftable; derived from crossword/roast personalization engines.","S15,S12",7,10,10,10,9,1,8.2
27,Photo-to-coloring-book,Gift,$14–$39 digital; $29–$59 print,Etsy / DTC / POD,A,Existing custom photo coloring books show meaningful sales and repeated 'great gift' reviews.,S16,8,10,9,10,8,1,8.15
28,'Where We Met' story-map deluxe,Gift,$19–$59,Etsy / DTC / POD,A,Thousands of map listings and multiple products with 9k–33k reviews; story layer differentiates from commodity map prints.,S9,10,9,9,10,6,1,8.15
29,Couple 'Our Year' annual / relationship yearbook,Gift,$29–$79,DTC / Etsy / POD,B+,LoveBook and map gifts validate couple keepsakes; annual recurrence creates built-in retention.,"S27,S9",8,9,9,10,9,1,8.1
30,Family recipe legacy book from scans/photos,Gift,$29–$79,Etsy / DTC / POD,A,"Recipe-book market is large and proven; AI can transcribe, normalize, annotate and design family recipes.",S10,8,9,9,10,8,2,8.05
31,Personalized children's adventure book,Gift,$19–$49 digital/print,DTC / Etsy,A,Wonderbly sells personalized 30–36 page books around $25+; category is validated but increasingly competitive.,S26,10,10,9,10,4,1,8.05
32,Personalized advent calendar of memories/prompts,Q4 Gift,$12–$39,DTC / Etsy,B,"Strong seasonal ritual; same personalization engine can create 24 memory prompts, jokes, challenges or messages.",S32,7,10,10,10,8,1,8.05
33,Custom 'movie trailer of your relationship/family',Gift,$19–$79,DTC / Etsy,B,"AI video makes formerly expensive editing cheap; strongly giftable, but quality control and likeness consistency matter.","S17,S24",7,10,9,10,9,1,8.05
34,Boat ownership / pre-departure personalized checklist,Hobby,$19–$59,Google / Etsy / DTC,B,"Boat ownership is high-value; current Etsy checklist offer appears weak, creating room for a polished model-specific system.",S23,6,9,10,6,10,8,8.0
35,Garden makeover concept + purchase plan,Decision,$29–$99,Google / DTC,B,Visual AI makes before/after concepts cheap; attach to four/five-figure landscaping spend while avoiding structural advice.,S18,7,10,9,4,9,9,7.95
36,First-time landlord operating pack,Decision,$29–$79,Google / DTC,B,High-cost asset + recurring admin pain; localize to jurisdiction and keep legal/tax content sourced/disclaimed.,S18,7,9,10,3,9,10,7.85
37,Home-office / creator-studio build plan,Decision,$19–$59,Google / DTC,B,AI can transform room photos/dimensions/budget into layouts and product shortlist; moderate underlying spend.,S31,6,10,10,5,9,7,7.8
