market,languages,currency,local_checkout,best_wedges,score,evidence_summary
Switzerland,German/French/Italian,CHF,TWINT,Premium digital memoirs; couple comics; pet books; renovation/relocation packs,9.5,TWINT says it is offered by 84% of Swiss online shops; multilingual high-price market
Germany,German,EUR,PayPal / cards / BNPL,Einschulung gifts; renovation quote auditor; family memoir; Christmas artifacts,9.4,85% of German internet users bought online in 2025; CEWE validates personalized photo/card demand
Norway,Norwegian,NOK,Vipps,Premium digital gifts; golf/ski/cabin plans; renovation and moving packs,9.3,Vipps is now most-used and most-preferred; Nordics are highly digital
Netherlands,Dutch,EUR,iDEAL | Wero,Artifact cards; Sinterklaas newspaper; couple crossword; family yearbook,9.2,94% online-shopping penetration; Greetz validates online-card culture
Sweden,Swedish,SEK,Swish,Graduation books; family yearbooks; couple/pet gifts; golf plans,9.1,90% annual online shopping; 88% shopped online in last 30 days in PostNord 2026 data
Denmark,Danish,DKK,MobilePay,Confirmation gifts; family memoirs; wedding packs; card wrappers,9.0,91% annual online shopping; MobilePay preferred
France,French,EUR,Carte bancaire / PayPal,Grandparent memoir; couple magazine; pet book; artifact cards,8.8,Fizzer validates low-friction personalized cards with audio/video
Austria,German,EUR,Cards / PayPal,German-language gift engines; home decision packs; Christmas artifacts,8.7,Low incremental content cost after Germany
Spain,Spanish,EUR,Bizum / cards,Communion gifts; wedding/family books; couple comics; moving packs,8.5,Bizum supports ecommerce; Spanish language creates broad reuse
Finland,Finnish/Swedish,EUR,Local PSP / cards,Family yearbooks; pet books; hobby plans; Christmas gifts,8.3,High Nordic digital readiness; localization QA harder
Italy,Italian,EUR,Cards / PayPal,Family recipe books; communion/wedding books; pet/family memoirs,8.0,PhotoSì validates photo products; lower online-shopping penetration than northern Europe
