rank,opportunity,score,confidence,primary_buyer,q4_window,why_now,main_risk,preferred_fulfillment
1,AI-personalized memory magazine / mini-book,93,High,gift buyers couples families,Sep-Dec,"Pinterest zine/journal growth + gifting personalization + prior project fit",quality/fulfillment at peak,digital first then POD
2,Halloween→Vamp Romantic→NYE nail collections,91,Medium-High,Gen Z/Millennial beauty buyers,Sep-Dec,"current Halloween saves + Vamp Romantic/Laced Up/Plum Noir",product quality/compliance,small physical inventory/POD-style supplier
3,Occasion fashion accessories in Plum Noir/dark romantic/Glamoratti,90,Medium-High,party/wedding/NYE shoppers,Sep-Dec,"evening-event season + multiple Pinterest 2026 fashion signals",fashion saturation,lightweight supplier fulfillment
4,Beginner craft kits and bag-charm kits,89,High,hobbyists gift buyers teens,Sep-Dec,"clay bag charms/embroidery/beaded charm searches rising sharply",kit quality/small parts,assembled kit or supplier bundle
5,Personalized home-café gifts/accessories,85,Medium,coffee lovers host-gift buyers,Oct-Dec,"home café engineering trend + giftability",commodity competition,POD/custom accessories
6,Equestrian/heritage micro-accessories,82,Medium,horse/equestrian aesthetic buyers,Sep-Dec,"strong current equestrian-style trend signals",niche size,small accessories
7,Curated Clutter / Neo Deco display objects,80,Medium,collectors/home décor buyers,Oct-Dec,"display shelf/collecting/Neo Deco momentum",fragility/bulk,small non-fragile products
8,Travel keepsake / analog travel journal,78,Medium,travelers/partners/families,Oct-Dec,"analog-memory and journal trends + gift reuse",seasonal competition,digital/POD
9,Scent-layering organizer / journal,75,Medium,beauty/fragrance buyers,Nov-Q5,"Scent Stacking + Q5 fragrance self-gift behavior",fragrance shipping if mis-scoped,accessories only
10,Retro-tech / cyber personalization accessories,74,Medium,Gen Z tech/aesthetic buyers,Sep-Dec,"cyberdeck/decorated-headphone growth",trend volatility,accessories/digital skins
