family,keyword,reason
occasion_fashion,evening dress,Barral screenshot Q4 recurrence thesis
occasion_fashion,burgundy evening dress,Plum Noir adjacency
occasion_fashion,velvet dress,Q4 texture/event fit
occasion_fashion,casual blazer outfit,current September 2026 spotlight signal
occasion_fashion,brooch outfit,Pinterest Predicts Brooched
occasion_fashion,laced outfit,Pinterest Predicts Laced Up
beauty,halloween nails,current September 2026 spotlight signal
beauty,gothic nails,Vamp Romantic adjacency
beauty,lacy nails,Laced Up adjacency
beauty,plum nails,2026 Palette
personalized_gifts,birthday magazine template,2026 Hobbies breakout
personalized_gifts,personalized magazine,commercialized version
personalized_gifts,photo zine,analog memory trend
personalized_gifts,memory book,Q4 gifting fit
personalized_gifts,photo album book,2026 Hobbies trend
crafts,clay bag charms,2026 Hobbies breakout
crafts,beaded bag charms diy,2026 Hobbies breakout
crafts,hand embroidery art,2026 Hobbies breakout
crafts,air dry clay crafts,2026 Hobbies trend
home_cafe,coffee station,Home Café Engineering
home_cafe,coffee bar sign,giftable commercial object
home_cafe,coffee recipe cards,giftable commercial object
equestrian,barn jacket outfit,equestrian/heritage trend
equestrian,horse girl gift,Q4 commercial keyword
equestrian,rosette ribbon,equestrian aesthetic
home,trinket shelf ideas,Curated Clutter
home,display shelf collectibles,Curated Clutter
fragrance,scent layering,Pinterest Predicts Scent Stacking
fragrance,fragrance organizer,commercial object
tech,bedazzled headphones,2026 Hobbies breakout
tech,cyberdeck,2026 Hobbies breakout
